{"type": "FeatureCollection", "features": [{"type": "Feature", "properties": {"Id": 1, "Name": "MBH", "OtherName": "Nkandla House", "Type": "Residence", "Shape_Leng": 1041.26861879, "Shape_Le_1": 1041.26861879, "Shape_Area": 4607.7652876}, "geometry": {"type": "MultiPolygon", "coordinates": [[[[29.736106029776053, -23.892591876337946], [29.73611097519232, -23.892630954259282], [29.736226488049546, -23.89263521529048], [29.73621549130179, -23.892765542638923], [29.735930177722903, -23.892723874034616], [29.73595081650509, -23.892594638655126], [29.73606815506741, -23.892620346082083], [29.73607705236138, -23.892586075146312], [29.736106029776053, -23.892591876337946]]], [[[29.735798917251934, -23.892493742300527], [29.73579828787382, -23.8925291287555], [29.73592212183957, -23.89253703263513], [29.735919366208396, -23.89266721332407], [29.735631492480163, -23.89263443374162], [29.7356382632785, -23.892499128238786], [29.73575840135698, -23.892527312322215], [29.73575776334237, -23.89249700177009], [29.735798917251934, -23.892493742300527]]], [[[29.73627373850164, -23.892399379608452], [29.73626263446583, -23.892524655519342], [29.736141255525315, -23.892502810835254], [29.736132384823815, -23.89253834396044], [29.736088350519196, -23.892535337871095], [29.73609582090984, -23.89249856610642], [29.735962292089365, -23.892487045112738], [29.73598441187685, -23.892362836723795], [29.73611249882366, -23.892376981684357], [29.73627373850164, -23.892399379608452]]], [[[29.735628400317058, -23.8924222354098], [29.7356183238104, -23.89253106851805], [29.735481942130164, -23.89251454361617], [29.735524541112422, -23.89225352227132], [29.73564998778503, -23.89227276796022], [29.735637217983573, -23.89238417612104], [29.735667462748218, -23.89238490149848], [29.735668233650006, -23.892421526601886], [29.735628400317058, -23.8924222354098]]], [[[29.73569850084447, -23.89215530488743], [29.735741931275648, -23.892159707251626], [29.73574396348571, -23.892149321603554], [29.735917045732535, -23.89216331859544], [29.735935724573423, -23.89219507076079], [29.736000036280995, -23.892202206198665], [29.736002464493748, -23.892237352312588], [29.73593823201281, -23.892260747663496], [29.735937197643548, -23.8922918154259], [29.735688290322493, -23.892258467885718], [29.735690740274286, -23.892214437848427], [29.735622609650356, -23.89221306258666], [29.735613271328038, -23.892116975012975], [29.735697629771476, -23.89211392064039], [29.73569850084447, -23.89215530488743]]], [[[29.736521057314018, -23.891811281072815], [29.73650990130188, -23.891934030787617], [29.7362294817639, -23.891928914309208], [29.73622143444368, -23.8918077699352], [29.736353270747614, -23.891804159928967], [29.736352712391984, -23.891777638657704], [29.736388450921506, -23.891778266121708], [29.736388982692088, -23.891803524302688], [29.736521057314018, -23.891811281072815]]], [[[29.735995941345486, -23.891782032442258], [29.7359957212331, -23.891810839279877], [29.73612449327503, -23.8918085475651], [29.736129547159365, -23.891946643575228], [29.735837415296963, -23.8919399983298], [29.735834632295933, -23.89180778437758], [29.7359615370667, -23.891807484550995], [29.73596102135091, -23.891782985117146], [29.735995941345486, -23.891782032442258]]], [[[29.736679166948658, -23.891554520389615], [29.736682136769815, -23.89182610189629], [29.73654464700074, -23.891822231441154], [29.736549069294306, -23.891705919398067], [29.7365119028961, -23.891702790260098], [29.736516785236756, -23.89167364502402], [29.73654563048577, -23.891673131588046], [29.736551398916117, -23.89155553111749], [29.736679166948658, -23.891554520389615]]], [[[29.735795621725437, -23.891553820941322], [29.73580649483645, -23.89167870577592], [29.73583256606834, -23.89167697827413], [29.735830430039695, -23.891706074628704], [29.735805652785906, -23.891703989317133], [29.73579040246103, -23.89182807454878], [29.73567351657782, -23.89182383756681], [29.735674669072367, -23.89155218343609], [29.735795621725437, -23.891553820941322]]], [[[29.73614463027053, -23.891488229762285], [29.736145835441214, -23.891610759484646], [29.73601244046582, -23.891605552997994], [29.736010464970224, -23.891642226971378], [29.73598164630331, -23.891644003396333], [29.735979554794348, -23.8916099289256], [29.735859896064866, -23.89160447785422], [29.735857556685417, -23.891493338557098], [29.73614463027053, -23.891488229762285]]], [[[29.736489366617995, -23.89148083052314], [29.736485184575198, -23.891608510358992], [29.736355990545363, -23.891607019184075], [29.736356522324353, -23.891632278268517], [29.73633319856447, -23.891633956957804], [29.736327092142417, -23.8916050073062], [29.736200644568555, -23.89160346711766], [29.736206333564972, -23.891482078263973], [29.736489366617995, -23.89148083052314]]]]}}, {"type": "Feature", "properties": {"Id": 12, "Name": "MBG", "OtherName": "Cuito Cuanavale", "Type": "Residence", "Shape_Leng": 254.724093992, "Shape_Le_1": 254.724093992, "Shape_Area": 1081.02476445}, "geometry": {"type": "MultiPolygon", "coordinates": [[[[29.736167502300635, -23.89126925247864], [29.73616070539296, -23.89140329487812], [29.73593673558938, -23.89140349094247], [29.73592699687881, -23.89126721567023], [29.736167502300635, -23.89126925247864]]], [[[29.736465199604226, -23.891116134346984], [29.73648074387516, -23.891201770018373], [29.73569456473084, -23.891191756275887], [29.73569151638011, -23.891112215953118], [29.736465199604226, -23.891116134346984]]]]}}, {"type": "Feature", "properties": {"Id": 15, "Name": "MBF", "OtherName": "Lilian Nggoyi", "Type": "Residence", "Shape_Leng": 260.555495221, "Shape_Le_1": 260.555495221, "Shape_Area": 1145.82907105}, "geometry": {"type": "MultiPolygon", "coordinates": [[[[29.736462220469264, -23.89058302701974], [29.73645293440033, -23.890664051298998], [29.735673812159476, -23.890662755649494], [29.735677525116557, -23.89057804075924], [29.736462220469264, -23.89058302701974]]], [[[29.735909106244165, -23.89041725705041], [29.736133154115294, -23.890420850451125], [29.736142741539435, -23.890419416266273], [29.736147411806638, -23.89057599602776], [29.735906854494928, -23.890571432890432], [29.735909106244165, -23.89041725705041]]]]}}, {"type": "Feature", "properties": {"Id": 16, "Name": "MBE", "OtherName": "Kofifi", "Type": "Residence", "Shape_Leng": 258.284367052, "Shape_Le_1": 258.284367052, "Shape_Area": 1144.42737006}, "geometry": {"type": "MultiPolygon", "coordinates": [[[[29.736262480174986, -23.89023282675033], [29.736264349975112, -23.890386930117945], [29.736036154461242, -23.890382147152106], [29.73604128541097, -23.890234236092624], [29.736262480174986, -23.89023282675033]]], [[[29.736611421797125, -23.890099011696787], [29.736611882739584, -23.890186178498574], [29.735827003788646, -23.89017235205459], [29.735826596524422, -23.890087710480866], [29.736611421797125, -23.890099011696787]]]]}}, {"type": "Feature", "properties": {"Id": 19, "Name": "MBD", "OtherName": "Tsietsi Mashinini", "Type": "Residence", "Shape_Leng": 260.039305545, "Shape_Le_1": 260.039305545, "Shape_Area": 1180.70716677}, "geometry": {"type": "MultiPolygon", "coordinates": [[[[29.73684302590911, -23.889743660211206], [29.7368518877679, -23.889838257935715], [29.736055942635215, -23.889820839709845], [29.736062376197506, -23.889734812845315], [29.73684302590911, -23.889743660211206]]], [[[29.7364989048357, -23.889584278497942], [29.73651157733052, -23.8897293446411], [29.736269807467682, -23.88973238491952], [29.73627507112773, -23.88959078841539], [29.7364989048357, -23.889584278497942]]]]}}, {"type": "Feature", "properties": {"Id": 20, "Name": "MBA", "OtherName": "Madiba Heights", "Type": "Residence", "Shape_Leng": 206.092282699, "Shape_Le_1": 206.092282699, "Shape_Area": 793.992217377}, "geometry": {"type": "Polygon", "coordinates": [[[29.736234264204867, -23.889414636554196], [29.736226989235703, -23.88933011811732], [29.737007688622533, -23.88934149016106], [29.737012297485485, -23.889429847574863], [29.73664513747105, -23.889416167950223], [29.73664580219176, -23.889447741581524], [29.73671862604164, -23.889447708923253], [29.736721984995977, -23.889476707470628], [29.736598313538792, -23.88947638250988], [29.736594343067154, -23.889418335601757], [29.736234264204867, -23.889414636554196]]]}}, {"type": "Feature", "properties": {"Id": 21, "Name": "MBA Shop", "OtherName": "", "Type": "Commercical Services", "Shape_Leng": 91.3398181576, "Shape_Le_1": 91.3398181576, "Shape_Area": 401.517653757}, "geometry": {"type": "Polygon", "coordinates": [[[29.736724819618953, -23.88915448638865], [29.736904725701137, -23.889150021381777], [29.736907437979, -23.889278841159506], [29.736983035691992, -23.889280021665776], [29.73698555284201, -23.8893343037352], [29.73672698229355, -23.889322481901733], [29.736724819618953, -23.88915448638865]]]}}, {"type": "Feature", "properties": {"Id": 23, "Name": "MC", "OtherName": "Dr Rebeiro House", "Type": "Residence", "Shape_Leng": 252.3861278, "Shape_Le_1": 252.3861278, "Shape_Area": 807.778885385}, "geometry": {"type": "MultiPolygon", "coordinates": [[[[29.736837021871995, -23.888740617354916], [29.73683758024651, -23.88876713862587], [29.736908898044756, -23.888760815801398], [29.73690032921695, -23.888875939008447], [29.736838413504103, -23.88887198687545], [29.736834284435027, -23.888806363227484], [29.73659399636831, -23.888814429962142], [29.736594297695433, -23.88889402004428], [29.73683754600263, -23.888896007303593], [29.736845982298075, -23.888970398318417], [29.73652584236123, -23.888971043191248], [29.73652795179019, -23.888744854933375], [29.736837021871995, -23.888740617354916]]], [[[29.736821062349794, -23.888700471934296], [29.736814859611663, -23.888732167804243], [29.7365772127198, -23.888735134140408], [29.736577389981452, -23.888678276965624], [29.736794406767068, -23.888674414285], [29.736821062349794, -23.888700471934296]]]]}}, {"type": "Feature", "properties": {"Id": 25, "Name": "ME", "OtherName": "Lusaka Heights", "Type": "Residence", "Shape_Leng": 194.512784486, "Shape_Le_1": 194.512784486, "Shape_Area": 607.427612395}, "geometry": {"type": "Polygon", "coordinates": [[[29.736107960722045, -23.889093450856816], [29.73610496545978, -23.88901643581991], [29.73585627617701, -23.88901707135644], [29.735854176185146, -23.889113127818298], [29.736089210403662, -23.889116525959068], [29.736091752775987, -23.889172071186174], [29.735784081764, -23.889177546008046], [29.73579033813914, -23.888952546543383], [29.736110478218094, -23.888951904109806], [29.73610982225218, -23.88898602748094], [29.73617844502384, -23.888982279168214], [29.73618490549067, -23.88909334513294], [29.736107960722045, -23.889093450856816]]]}}, {"type": "Feature", "properties": {"Id": 26, "Name": "MN", "OtherName": "Sol Plaatjie House", "Type": "Residence", "Shape_Leng": 124.41352144, "Shape_Le_1": 124.41352144, "Shape_Area": 410.231257371}, "geometry": {"type": "Polygon", "coordinates": [[[29.736102613429335, -23.888733169618067], [29.736102700556156, -23.888657097038323], [29.73617536275922, -23.888659943958874], [29.73617485795222, -23.888689449926087], [29.736331315113485, -23.888689253182967], [29.73633329292605, -23.88875649189591], [29.73617676045699, -23.88875306807309], [29.73617456800399, -23.88886281507317], [29.736103680475164, -23.88886407655491], [29.736104046732592, -23.88885475577007], [29.736102406557112, -23.888803552877633], [29.73594658866814, -23.888807360838893], [29.73594674118395, -23.88873439094306], [29.736102613429335, -23.888733169618067]]]}}, {"type": "Feature", "properties": {"Id": 27, "Name": "MF", "OtherName": "Barney Molokoane  House", "Type": "Residence", "Shape_Leng": 191.360069111, "Shape_Le_1": 191.360069111, "Shape_Area": 585.991574652}, "geometry": {"type": "Polygon", "coordinates": [[[29.735737575142352, -23.888665275521305], [29.735735726379804, -23.88861921902869], [29.735485937436508, -23.88861719471949], [29.7354844628336, -23.888714250924355], [29.73573599229747, -23.888715435572767], [29.73574161289152, -23.888773554261537], [29.735413688913532, -23.8887777712681], [29.735418715403195, -23.88855693813405], [29.73574058674119, -23.888557680032772], [29.7357385626077, -23.888586824944554], [29.73581243747013, -23.888587127849544], [29.735813225388924, -23.888666355514257], [29.735737575142352, -23.888665275521305]]]}}, {"type": "Feature", "properties": {"Id": 28, "Name": "MO", "OtherName": "Gaddaffi  House", "Type": "Residence", "Shape_Leng": 105.382612289, "Shape_Le_1": 105.382612289, "Shape_Area": 339.77228564}, "geometry": {"type": "Polygon", "coordinates": [[[29.735492457226446, -23.888968813375385], [29.73549689771352, -23.889054444612405], [29.735419522915834, -23.88905501252286], [29.73541953462299, -23.889013774103507], [29.735295450885918, -23.889009513074402], [29.735299297206538, -23.888941523573585], [29.735426811504407, -23.888941680167157], [29.735431535941398, -23.888873675045268], [29.73548965602193, -23.88887749310876], [29.735490115266792, -23.88889931661319], [29.735620302006406, -23.88890104286406], [29.735624384373203, -23.888969699972648], [29.735492457226446, -23.888968813375385]]]}}, {"type": "Feature", "properties": {"Id": 29, "Name": "MG", "OtherName": "Chief A lbert Luthuli House", "Type": "Residence", "Shape_Leng": 286.97935728, "Shape_Le_1": 286.97935728, "Shape_Area": 843.883527853}, "geometry": {"type": "MultiPolygon", "coordinates": [[[[29.735664627153255, -23.889312329402014], [29.735666009277928, -23.889378002898514], [29.735472208176017, -23.889375133211278], [29.735464011811445, -23.88931210897089], [29.735561585858218, -23.889312899186606], [29.735664627153255, -23.889312329402014]]], [[[29.73565227559511, -23.88918241745649], [29.735660002032244, -23.88928840669387], [29.735566441802124, -23.88928249087072], [29.735561461856946, -23.88917645275752], [29.73565227559511, -23.88918241745649]]], [[[29.73504854853503, -23.88915778283109], [29.735365995032772, -23.889159716055328], [29.7353797034736, -23.889158208608528], [29.73538443581613, -23.889187182774855], [29.735429761979237, -23.889186376379282], [29.735439350307395, -23.88918494222828], [29.735439890152914, -23.889275899289593], [29.735376760968013, -23.889279548646687], [29.7353700712362, -23.889222814509388], [29.73512671578105, -23.889215772614467], [29.735124588703016, -23.889310566924532], [29.73537607825614, -23.88931240984233], [29.73538002157968, -23.889369192839364], [29.735048919255554, -23.889371293294193], [29.73504854853503, -23.88915778283109]]]]}}, {"type": "Feature", "properties": {"Id": 33, "Name": "MI", "OtherName": "Moses Kotane HOUSE", "Type": "Residence", "Shape_Leng": 194.285574819, "Shape_Le_1": 194.285574819, "Shape_Area": 605.977719936}, "geometry": {"type": "Polygon", "coordinates": [[[29.73476409605288, -23.888916274250406], [29.735002440527463, -23.88891769549259], [29.73500655754951, -23.88898796848448], [29.73468103228747, -23.88898082156428], [29.734678216519665, -23.88876336257415], [29.735007103858823, -23.888763172508362], [29.735005198599072, -23.888797975172533], [29.73505875276156, -23.888793788713965], [29.735066913670988, -23.888889056172797], [29.735003705678416, -23.888894223944796], [29.734999571639264, -23.88882314167092], [29.734754143998064, -23.88881942125542], [29.73475270287461, -23.888918094258354], [29.73476409605288, -23.888916274250406]]]}}, {"type": "Feature", "properties": {"Id": 37, "Name": "MB", "OtherName": "Desmond Tutu", "Type": "Residence", "Shape_Leng": 148.567618853, "Shape_Le_1": 148.567618853, "Shape_Area": 991.141760063}, "geometry": {"type": "Polygon", "coordinates": [[[29.73615588441415, -23.888563227259677], [29.73615833915388, -23.888353457325152], [29.736459194818032, -23.888350630317287], [29.73645876943698, -23.888330422681992], [29.736532939768583, -23.88832910263092], [29.73653473866918, -23.888545114637207], [29.73658563907785, -23.888547998493227], [29.73658683550484, -23.888604831219155], [29.7364564568885, -23.888612205032885], [29.736455393462695, -23.88856168775056], [29.73615588441415, -23.888563227259677]]]}}, {"type": "Feature", "properties": {"Id": 39, "Name": "MM", "OtherName": "Ruth First House", "Type": "Residence", "Shape_Leng": 107.375983084, "Shape_Le_1": 107.375983084, "Shape_Area": 332.471620261}, "geometry": {"type": "Polygon", "coordinates": [[[29.73691399455294, -23.888537088901476], [29.736916183705066, -23.88864106552345], [29.736841888314753, -23.888640835621484], [29.736842011783022, -23.888593224179477], [29.736715329161097, -23.888590821941413], [29.73671613159538, -23.888521980480775], [29.736845615405304, -23.888523815703895], [29.73684548472133, -23.888517608521], [29.7368450963047, -23.888445683506745], [29.73690482910151, -23.88844927738889], [29.73690311288176, -23.888474665839553], [29.737031526628996, -23.888479107552357], [29.73702999872414, -23.8885401982263], [29.73691399455294, -23.888537088901476]]]}}, {"type": "Feature", "properties": {"Id": 40, "Name": "MD", "OtherName": "Zeph Mothopeng", "Type": "Residence", "Shape_Leng": 122.465839407, "Shape_Le_1": 122.465839407, "Shape_Area": 838.997468335}, "geometry": {"type": "Polygon", "coordinates": [[[29.737227542501344, -23.888261149123107], [29.73722956781508, -23.888357334265752], [29.736889100760262, -23.88835045792596], [29.736896155385697, -23.88814252589715], [29.737264751045334, -23.88814890150529], [29.737267978928806, -23.8882604292568], [29.737227542501344, -23.888261149123107]]]}}, {"type": "Feature", "properties": {"Id": 41, "Name": "David Webster House", "OtherName": "David Webster House", "Type": "Residence", "Shape_Leng": 194.35872081, "Shape_Le_1": 194.35872081, "Shape_Area": 571.597670898}, "geometry": {"type": "Polygon", "coordinates": [[[29.737582422560394, -23.88870713221206], [29.737589220579697, -23.888768918508152], [29.73724298410636, -23.888770029487056], [29.73724279702484, -23.88856536004687], [29.737590352460934, -23.88856169849975], [29.73759624519952, -23.888580545210623], [29.73763599748913, -23.888576046734155], [29.737644834149012, -23.888669382176314], [29.73758038394496, -23.888675583060827], [29.73757902751847, -23.888611173654677], [29.737317924831654, -23.88860950539761], [29.737325492968594, -23.888707916805693], [29.737582422560394, -23.88870713221206]]]}}, {"type": "Feature", "properties": {"Id": 42, "Name": "MBK", "OtherName": "Khotso House", "Type": "Residence", "Shape_Leng": 199.560368225, "Shape_Le_1": 199.560368225, "Shape_Area": 888.04426084}, "geometry": {"type": "Polygon", "coordinates": [[[29.734455399598374, -23.891982912600543], [29.734454872053373, -23.891894057321277], [29.73485223775796, -23.89189562832093], [29.734906101629775, -23.891967490221347], [29.735294229872288, -23.89197662977044], [29.73530286096128, -23.892067809288513], [29.734898629394912, -23.8920589562483], [29.734840870270723, -23.89199333524745], [29.734455399598374, -23.891982912600543]]]}}, {"type": "Feature", "properties": {"Id": 43, "Name": "MBJ Shop", "OtherName": "", "Type": "Commercial Services", "Shape_Leng": 89.3208061967, "Shape_Le_1": 89.3208061967, "Shape_Area": 495.3398978}, "geometry": {"type": "Polygon", "coordinates": [[[29.735001610119998, -23.891402981798063], [29.735204356106333, -23.891405545606954], [29.73520745452223, -23.891616544427276], [29.735006309148094, -23.891626293580472], [29.735001610119998, -23.891402981798063]]]}}, {"type": "Feature", "properties": {"Id": 44, "Name": "MBJ", "OtherName": "Agostinho Neto", "Type": "Residence", "Shape_Leng": 206.149645975, "Shape_Le_1": 206.149645975, "Shape_Area": 781.616569971}, "geometry": {"type": "Polygon", "coordinates": [[[29.734526575379807, -23.89141019703835], [29.734532835361563, -23.891324924177326], [29.734925013709333, -23.89133522744984], [29.73492663298063, -23.891284594715298], [29.734964152333106, -23.891281458816636], [29.73496345139972, -23.8912481474959], [29.735363342864126, -23.891242266998216], [29.73537186905649, -23.891328511462], [29.73497460907098, -23.891331876726777], [29.734972444628088, -23.891356599853466], [29.73494862913414, -23.891373068067196], [29.734919056905643, -23.891371125668112], [29.734915836686092, -23.891409444570066], [29.734526575379807, -23.89141019703835]]]}}, {"type": "Feature", "properties": {"Id": 45, "Name": "MBI LAB", "OtherName": "", "Type": "Computer Labs", "Shape_Leng": 84.4007793245, "Shape_Le_1": 84.4007793245, "Shape_Area": 432.954985387}, "geometry": {"type": "Polygon", "coordinates": [[[29.73478893919486, -23.890864936985253], [29.735029203614545, -23.890864366150506], [29.73502842374648, -23.891018658465896], [29.734787024411908, -23.891029124261077], [29.73478893919486, -23.890864936985253]]]}}, {"type": "Feature", "properties": {"Id": 46, "Name": "MBI", "OtherName": "Anton Lembede", "Type": "Residence", "Shape_Leng": 181.678832441, "Shape_Le_1": 181.678832441, "Shape_Area": 776.120478073}, "geometry": {"type": "Polygon", "coordinates": [[[29.734543324996157, -23.890802657241153], [29.73453124806512, -23.890802872043785], [29.73452953496107, -23.8907214432333], [29.735328259078734, -23.890723280427455], [29.73532749674117, -23.89081462708142], [29.734543324996157, -23.890802657241153]]]}}, {"type": "Feature", "properties": {"Id": 47, "Name": "Heat Pump Station", "OtherName": "", "Type": "", "Shape_Leng": 115.157999085, "Shape_Le_1": 115.157999085, "Shape_Area": 480.193016527}, "geometry": {"type": "Polygon", "coordinates": [[[29.73534514769908, -23.890824186893592], [29.735346898858836, -23.890397111823855], [29.735440800394095, -23.890394206488256], [29.73544983607927, -23.89082355807756], [29.73534514769908, -23.890824186893592]]]}}, {"type": "Feature", "properties": {"Id": 48, "Name": "MBC", "OtherName": "Steve Biko", "Type": "Residence", "Shape_Leng": 187.623169534, "Shape_Le_1": 187.623169534, "Shape_Area": 666.815348351}, "geometry": {"type": "Polygon", "coordinates": [[[29.735023296380106, -23.890264634875372], [29.73488052578854, -23.890305435283263], [29.73487218932403, -23.890292007479918], [29.73466555728495, -23.890359862966672], [29.734634298100534, -23.890277725002154], [29.734776989900407, -23.89023322307608], [29.734763104456526, -23.890211253896336], [29.734744344938306, -23.89021282225967], [29.734723101951474, -23.890160127707997], [29.734788409359215, -23.890137984585742], [29.734810942742552, -23.890188186808395], [29.734789681284344, -23.890198438849136], [29.73480085714149, -23.890219222443175], [29.73493823442612, -23.890177283370363], [29.734942596856666, -23.890193250325026], [29.73514925540697, -23.890126628704458], [29.73517925042406, -23.89021249127574], [29.735044531856797, -23.890253148582552], [29.735053024117047, -23.890273979893784], [29.735070415373837, -23.89027120205288], [29.735091893139472, -23.890334999996913], [29.735030662596717, -23.890359539189994], [29.735011894466407, -23.890296927716474], [29.735033207839674, -23.890289143184035], [29.735023296380106, -23.890264634875372]]]}}, {"type": "Feature", "properties": {"Id": 49, "Name": "UL GYM", "OtherName": "", "Type": "Recreational Services", "Shape_Leng": 80.0344921334, "Shape_Le_1": 80.0344921334, "Shape_Area": 399.051022829}, "geometry": {"type": "Polygon", "coordinates": [[[29.735226708751547, -23.890043791551882], [29.735394531575995, -23.889981562760617], [29.73547080643127, -23.890161637209395], [29.735289487351483, -23.89022040396488], [29.735226708751547, -23.890043791551882]]]}}, {"type": "Feature", "properties": {"Id": 50, "Name": "MBB", "OtherName": "Kwame Nkurumah", "Type": "Residence", "Shape_Leng": 185.223696041, "Shape_Le_1": 185.223696041, "Shape_Area": 683.074277231}, "geometry": {"type": "Polygon", "coordinates": [[[29.734661795254155, -23.889989660432256], [29.734676425952426, -23.889983228593128], [29.734666513606076, -23.88995872026978], [29.734521034591488, -23.88999833472089], [29.734492537115916, -23.88991985073898], [29.73470316858855, -23.889850690610036], [29.734696121569453, -23.889834770492424], [29.73483207833409, -23.889789154563736], [29.734824876538987, -23.88976583181733], [29.7348075103263, -23.8897698438632], [29.734788873174665, -23.889713400720833], [29.734852839008408, -23.889691280547698], [29.734871605982896, -23.889753892979645], [29.73485308014503, -23.889766564826232], [29.73485886273619, -23.889786209669843], [29.735000290458434, -23.889745432306533], [29.735032892008693, -23.88982754631406], [29.735020970930954, -23.889835163763887], [29.7348289174754, -23.889894120007117], [29.734834492407032, -23.88990389469374], [29.734697168253327, -23.889948301173973], [29.73470444790071, -23.889975324785336], [29.734720471855084, -23.889971337526184], [29.734743109006313, -23.890026474843804], [29.73468167088742, -23.89004114463515], [29.734661795254155, -23.889989660432256]]]}}, {"type": "Feature", "properties": {"Id": 51, "Name": "ML", "OtherName": "Moshoeshoe House", "Type": "Residence", "Shape_Leng": 191.027836745, "Shape_Le_1": 191.027836745, "Shape_Area": 566.346610199}, "geometry": {"type": "Polygon", "coordinates": [[[29.73463380458555, -23.889429915530467], [29.73438894170398, -23.88942874148183], [29.734383205868042, -23.889523632490864], [29.73464007516627, -23.889523803260428], [29.734641171530637, -23.889575917522087], [29.734320886494764, -23.88958319419436], [29.734310507228198, -23.889375632517876], [29.734638519826238, -23.88936821936452], [29.73463997738105, -23.88939662995614], [29.734710411892987, -23.889396166914363], [29.73471057192658, -23.889485424054843], [29.734635050450343, -23.889489136488383], [29.73463380458555, -23.889429915530467]]]}}, {"type": "Feature", "properties": {"Id": 52, "Name": "UL GYM Extension", "OtherName": "", "Type": "Recreational", "Shape_Leng": 79.5051243594, "Shape_Le_1": 79.5051243594, "Shape_Area": 302.229345967}, "geometry": {"type": "Polygon", "coordinates": [[[29.735199640649913, -23.889841859189342], [29.73517164373981, -23.889850996417945], [29.7351236595854, -23.889739535448648], [29.735265035225385, -23.889696290314934], [29.73530644071023, -23.889814039878377], [29.735285231280887, -23.889826759517483], [29.73531803975002, -23.889918743616374], [29.735242153798126, -23.889948480532677], [29.735199640649913, -23.889841859189342]]]}}, {"type": "Feature", "properties": {"Id": 53, "Name": "Robert Sobukwe", "OtherName": "", "Type": "Residence", "Shape_Leng": 510.986773186, "Shape_Le_1": 510.986773186, "Shape_Area": 1926.32387676}, "geometry": {"type": "MultiPolygon", "coordinates": [[[[29.7340160241081, -23.891771033598467], [29.734016680115598, -23.891866057325252], [29.7338421632826, -23.89186545848445], [29.733845495724772, -23.89189625457109], [29.733955630306383, -23.891899233012445], [29.733954399945706, -23.891968371871098], [29.733841555684656, -23.891964207837], [29.733846334266712, -23.891999915134747], [29.73401553584591, -23.892003077847296], [29.734013560096862, -23.892100616837126], [29.73364021790639, -23.892092444935052], [29.733644824737333, -23.89199239068212], [29.733818077295922, -23.891996715363614], [29.7338200862528, -23.89196458961167], [29.73377299259814, -23.89195925542128], [29.733774378758017, -23.891897519177963], [29.733826839745475, -23.891902757926786], [29.733826113122568, -23.891868212355497], [29.733815378414473, -23.89186840324141], [29.73363144321583, -23.891866736955492], [29.73363215477654, -23.891772922670675], [29.7340160241081, -23.891771033598467]]], [[[29.73402483352657, -23.891424057360684], [29.734024070320135, -23.891515404084597], [29.73384421256125, -23.891516133971187], [29.73384620267921, -23.891546954831394], [29.73396309853298, -23.891552281522937], [29.733961764352603, -23.891616485302535], [29.7338408434238, -23.8916112301886], [29.73384159598301, -23.891647009079946], [29.734017531734224, -23.891651285856433], [29.7340247936174, -23.891741256085197], [29.733632770537774, -23.891738353225467], [29.73363616577962, -23.891644491221605], [29.73381878427666, -23.891647414719113], [29.73381813552534, -23.89161657090891], [29.733772409303235, -23.891612447076486], [29.73376977046217, -23.891550782402348], [29.733823443872485, -23.891549827993128], [29.733821323036434, -23.89151283874836], [29.733637362384684, -23.89150993820194], [29.733638255615617, -23.891424760759616], [29.73402483352657, -23.891424057360684]]]]}}, {"type": "Feature", "properties": {"Id": 55, "Name": "MBL", "OtherName": "Somafco", "Type": "Residence", "Shape_Leng": 675.015636142, "Shape_Le_1": 675.015636142, "Shape_Area": 3007.53116728}, "geometry": {"type": "MultiPolygon", "coordinates": [[[[29.7336062365366, -23.89079587169923], [29.733822348120057, -23.890795731301218], [29.73382758569183, -23.89078946746035], [29.733923226332532, -23.890869226097827], [29.73391130607257, -23.890876843457765], [29.733915728401225, -23.890959457906717], [29.733946027164595, -23.890995946080896], [29.73404405807829, -23.890997905966532], [29.734049217780665, -23.890987940356425], [29.734143621174038, -23.891072657763296], [29.734131777778938, -23.891083976017676], [29.73413385400331, -23.891182677634248], [29.734038506635944, -23.891180670997045], [29.734044948599575, -23.89110403406653], [29.734012303483116, -23.891083632203806], [29.733920903320968, -23.891077852148054], [29.733896309227564, -23.89105730799511], [29.7338739647305, -23.891079921501728], [29.733848496385303, -23.891081608159126], [29.733823928241623, -23.891062297313052], [29.733824984142995, -23.891048702436944], [29.733856539302625, -23.891017285079574], [29.733824925177323, -23.89098205495886], [29.733823368198514, -23.89090802872549], [29.733797405876075, -23.89088627419884], [29.733636282663447, -23.890884202185557], [29.73361128140525, -23.890908096674476], [29.73360218147873, -23.890986015548826], [29.733621070884833, -23.89099061661863], [29.733633354444454, -23.89100027206926], [29.733631060975053, -23.891018825878458], [29.73361785025763, -23.891028934626817], [29.733599090593433, -23.89103050286212], [29.733604620560087, -23.891101990001058], [29.733629448163285, -23.891133638591697], [29.733664361711405, -23.891134251589385], [29.733703248383122, -23.89113232637172], [29.733709064826495, -23.89121738450888], [29.73361382120372, -23.891220312692564], [29.73359524313726, -23.891230516873982], [29.733501974686984, -23.891135905076585], [29.733512527699524, -23.891127077370992], [29.73351038526163, -23.89089754827497], [29.733497971016487, -23.89088172442671], [29.733596662592735, -23.89078740184845], [29.7336062365366, -23.89079587169923]]], [[[29.73409126916902, -23.89068974222824], [29.733939866109075, -23.890830668563957], [29.733797305916426, -23.89069003263361], [29.73394599940829, -23.890547920838838], [29.73409126916902, -23.89068974222824]]], [[[29.73383011618794, -23.890143918656864], [29.73392064852296, -23.890236110487862], [29.73390633012848, -23.890257347490348], [29.73391464762847, -23.89033372197424], [29.733939397275215, -23.890361668761336], [29.73403869216026, -23.890359903062567], [29.734045194156195, -23.890349913584185], [29.734135648943212, -23.890438404399422], [29.73412509600962, -23.89044723123739], [29.734127068358546, -23.890540997781432], [29.734039667624494, -23.89053391286464], [29.734039375007917, -23.890456161007894], [29.73401475506583, -23.8904343826419], [29.733922142808993, -23.890434795718424], [29.733891973938384, -23.890404475926402], [29.733870945914862, -23.890425832235913], [29.733838819986538, -23.890430105729127], [29.733825142259697, -23.89041800661764], [29.733824778973695, -23.890400733828663], [29.733846993639567, -23.890371951935276], [29.73381545654838, -23.890340422673784], [29.733813769868938, -23.890260227129176], [29.733794724876486, -23.890248223449465], [29.733628313018873, -23.89024994855517], [29.73360718214558, -23.89026636882742], [29.73360757827822, -23.890349055793767], [29.733623939625286, -23.89036110721202], [29.733624432609773, -23.89038454840715], [29.7336058287194, -23.890393519260126], [29.73360738553669, -23.890467545511928], [29.733633346758236, -23.890489300099695], [29.733711224472106, -23.89049038386841], [29.73371327436169, -23.89058785130552], [29.73360569578872, -23.890578656452394], [29.73359109090003, -23.890586321519763], [29.733493875810773, -23.89049548209341], [29.733508401886557, -23.890484116191306], [29.733507368380007, -23.890243458821352], [29.733495006097616, -23.89023010250796], [29.73359529802703, -23.890148093830177], [29.733610292078087, -23.890158935781216], [29.733819641108504, -23.890156447237008], [29.73383011618794, -23.890143918656864]]]]}}, {"type": "Feature", "properties": {"Id": 64, "Name": "Oliver Tambo", "OtherName": "", "Type": "Residance", "Shape_Leng": 1833.57717016, "Shape_Le_1": 1833.57717016, "Shape_Area": 6969.14401135}, "geometry": {"type": "MultiPolygon", "coordinates": [[[[29.73376009706788, -23.889814389450613], [29.73377129866691, -23.889836406458183], [29.733814081140277, -23.889828240358806], [29.73383148036898, -23.8898896425889], [29.733796800682924, -23.889900133084414], [29.73380389851577, -23.889918520811822], [29.734064256032696, -23.889852179597963], [29.73409853572783, -23.88995030856651], [29.733723430249118, -23.89004954551732], [29.733694595920834, -23.88995502277514], [29.733774456344452, -23.889922746563034], [29.733767384472667, -23.889905593055815], [29.733656454160155, -23.889928547830678], [29.73363771367744, -23.889867169422534], [29.7337458814936, -23.889840561538023], [29.73374283459301, -23.889823336462914], [29.733598412240973, -23.889849354254114], [29.7335737327413, -23.88976092831685], [29.733939807652344, -23.88967913160974], [29.733961647061843, -23.889760202581595], [29.73376009706788, -23.889814389450613]]], [[[29.733763696048943, -23.889474912058677], [29.73377087168016, -23.889497000652483], [29.733832387543586, -23.889486033002093], [29.733849942406582, -23.88955483786043], [29.73378703329402, -23.889563361828518], [29.73379557717942, -23.889586659872798], [29.734069455014776, -23.88952501522373], [29.734091503052596, -23.889615956320092], [29.73372284862503, -23.889702737065893], [29.73370229880562, -23.889619174654428], [29.733770367635252, -23.88960068511888], [29.733761719944525, -23.88957245108734], [29.733652236000218, -23.889600317051148], [29.733634862844234, -23.889540148107347], [29.733740295854364, -23.889511120405054], [29.733734383719057, -23.889485307098898], [29.73359819326847, -23.889519818575486], [29.73357627629109, -23.889435045761118], [29.733934013001704, -23.889339820373685], [29.73396132435783, -23.889425730981653], [29.733763696048943, -23.889474912058677]]], [[[29.733757772199827, -23.88912943236186], [29.73376494878586, -23.889151520941187], [29.733806440632303, -23.88914584627194], [29.733825000409787, -23.889198588704623], [29.733779560456075, -23.889208035824275], [29.73378820811777, -23.889236269857843], [29.734059323757297, -23.889170971244056], [29.73408926686874, -23.889254366564742], [29.73373152955837, -23.88934959230044], [29.733704088648583, -23.88925751323194], [29.7337668688608, -23.889242819987516], [29.733759640373883, -23.88921826386719], [29.733647499032553, -23.889247410837008], [29.73363538942392, -23.889182212277454], [29.733739531743957, -23.88915567600813], [29.733729646566196, -23.889132400902547], [29.733596140095784, -23.88916686463031], [29.73357006756801, -23.889075994978786], [29.733932062784177, -23.888991802493678], [29.73395921834921, -23.889070310487917], [29.733757772199827, -23.88912943236186]]], [[[29.73374982565464, -23.888687718493877], [29.733756949333106, -23.888707339552525], [29.733798442021474, -23.88870166488059], [29.733818446816386, -23.888759318557575], [29.73380907961798, -23.888760718890467], [29.733770375292046, -23.888771280918565], [29.733780260442373, -23.888794556024326], [29.734086185283466, -23.888724936267522], [29.73411212830774, -23.88880963650455], [29.73374892119229, -23.88890002253103], [29.73371487563912, -23.888812997813538], [29.733752212710957, -23.88880122542442], [29.733745036152794, -23.88877913684164], [29.73366628517149, -23.888800284723494], [29.733647492032702, -23.888736438769456], [29.73373158524952, -23.88871396213505], [29.733727092312876, -23.88869182583646], [29.73359077293619, -23.88872016792736], [29.73356601689651, -23.888628041077478], [29.73391864469868, -23.88854524903155], [29.733948638449977, -23.888631111966053], [29.73374982565464, -23.888687718493877]]], [[[29.733923210595123, -23.88831560065179], [29.7339303871486, -23.88833768922699], [29.73396509235516, -23.888328432058078], [29.733987754793656, -23.8883848037746], [29.733947734259914, -23.88839662392592], [29.733956278073894, -23.888419921968747], [29.734083229860182, -23.888392979935343], [29.734114643822334, -23.88848252072673], [29.733926487941943, -23.888535235713782], [29.733897835546355, -23.888449348921178], [29.73393917147597, -23.88843627161148], [29.73392518260056, -23.88840936723763], [29.7338438001638, -23.888433030447032], [29.733820930203073, -23.888366788536903], [29.733899706833032, -23.888346873920685], [29.73388979576726, -23.888322365500443], [29.733585395616956, -23.888400597778027], [29.733555298392357, -23.888309799658593], [29.73356995394872, -23.888304602175655], [29.734079979217437, -23.888174579101285], [29.734115262307043, -23.888256644803253], [29.733923210595123, -23.88831560065179]]], [[[29.733757128081127, -23.88801369779384], [29.73376164596067, -23.888037068334572], [29.733800402948024, -23.88802897385228], [29.73381911719115, -23.888089118048555], [29.73377778135272, -23.888102195317526], [29.733786351067494, -23.888126727597278], [29.73408822254264, -23.888055946234033], [29.734126189196324, -23.888137964217883], [29.733580013818628, -23.88827233328151], [29.733558071216734, -23.88818632711199], [29.73376506389701, -23.888135746155285], [29.733757731712366, -23.88810625494181], [29.733666878484534, -23.888126383284455], [29.73364947965763, -23.888064980994706], [29.733729546563566, -23.8880425759749], [29.733725080579674, -23.888021672974972], [29.73359412910669, -23.88804992048389], [29.73357210772757, -23.887960212564078], [29.733765760898883, -23.887913571933474], [29.73378644008917, -23.888003302777893], [29.733757128081127, -23.88801369779384]]], [[[29.733912342965713, -23.88760734455136], [29.733918255009996, -23.8876331578608], [29.734086672438032, -23.887599307888536], [29.73411656221737, -23.887680235726233], [29.73375325440041, -23.88776568640278], [29.733732705002534, -23.88768212395067], [29.733899625561715, -23.887640894492403], [29.733892371235388, -23.887615105048067], [29.733804124135446, -23.887631484862897], [29.73378811951198, -23.88757252626218], [29.733926861752852, -23.8875317977785], [29.733952207587546, -23.887588121804257], [29.733912342965713, -23.88760734455136]]], [[[29.733829685165798, -23.887315066898207], [29.733841016232404, -23.887343252330034], [29.73387845668318, -23.887336415934254], [29.733902513040924, -23.887395231365268], [29.733851784388808, -23.887408475643685], [29.733861669404163, -23.887431749853775], [29.733963334284514, -23.88741513144098], [29.733989276896253, -23.887499832644824], [29.733625865680484, -23.887580347898563], [29.73360247715762, -23.887489430498984], [29.7338323056369, -23.887439677330246], [29.733825104211025, -23.887416355404696], [29.73374483014461, -23.887428890269717], [29.73372879866619, -23.88736869835406], [29.73381023335568, -23.88734750278631], [29.733801663703794, -23.88732297050142], [29.73363874341426, -23.887362894024502], [29.733612723241784, -23.887274491873857], [29.7339734500532, -23.887194024440902], [29.734003443431348, -23.887279887403132], [29.733829685165798, -23.887315066898207]]]]}}, {"type": "Feature", "properties": {"Id": 66, "Name": "Health Centre", "OtherName": "", "Type": "Medical Services", "Shape_Leng": 211.134951629, "Shape_Le_1": 211.134951629, "Shape_Area": 1333.62679965}, "geometry": {"type": "MultiPolygon", "coordinates": [[[[29.735287931182498, -23.887913730709922], [29.735069970181254, -23.88792146544503], [29.735073988381174, -23.88781339803635], [29.735288040473513, -23.887819233125704], [29.735287931182498, -23.887913730709922]]], [[[29.73506015204538, -23.887753861321453], [29.735048570863643, -23.88800091362801], [29.73498357783379, -23.888002069707028], [29.734982807228228, -23.88796544185498], [29.734955552314677, -23.887965926649386], [29.73495233203876, -23.888012268290016], [29.7347321127096, -23.88801232776426], [29.73473109885589, -23.887964133591847], [29.73466195271701, -23.88796729214091], [29.73467615767047, -23.887745263167343], [29.73506015204538, -23.887753861321453]]]]}}, {"type": "Feature", "properties": {"Id": 68, "Name": "Residence Office", "OtherName": "", "Type": "Residence Admistrative Services", "Shape_Leng": 141.614739255, "Shape_Le_1": 141.614739255, "Shape_Area": 455.621721302}, "geometry": {"type": "Polygon", "coordinates": [[[29.734468603227956, -23.88745003927845], [29.734468469844135, -23.88734397441717], [29.734667803877684, -23.88734814343279], [29.734669507060087, -23.88742910943648], [29.734648582304654, -23.887431410326265], [29.734662622155174, -23.88750058627983], [29.734715035954512, -23.887499654083367], [29.734714115167158, -23.88755559672891], [29.73459037747637, -23.887555868677282], [29.734585848569346, -23.887440240096602], [29.73448944788269, -23.887443883257305], [29.734492448553624, -23.887586537792536], [29.73441479460215, -23.887584061295502], [29.734416190418997, -23.887450971371713], [29.734468603227956, -23.88745003927845]]]}}, {"type": "Feature", "properties": {"Id": 70, "Name": "Parking", "OtherName": "", "Type": "Car Parking", "Shape_Leng": 99.2653715406, "Shape_Le_1": 99.2653715406, "Shape_Area": 233.256000759}, "geometry": {"type": "MultiPolygon", "coordinates": [[[[29.735110444605215, -23.887552403871155], [29.735116190778424, -23.887725865743384], [29.73505103565388, -23.887719310664423], [29.73504762877518, -23.887557378713918], [29.735110444605215, -23.887552403871155]]], [[[29.734920684872964, -23.88770427330469], [29.73486415844361, -23.887709135306153], [29.734852284350833, -23.88754349645417], [29.73491510020928, -23.887538522593438], [29.734920684872964, -23.88770427330469]]]]}}, {"type": "Feature", "properties": {"Id": 72, "Name": "VL Dining hall", "OtherName": "", "Type": "Recreational Services", "Shape_Leng": 138.137447263, "Shape_Le_1": 138.137447263, "Shape_Area": 558.377771819}, "geometry": {"type": "Polygon", "coordinates": [[[29.7339375913359, -23.88432737600573], [29.733982122479933, -23.884263305839674], [29.733938777378345, -23.884227916827435], [29.733837544181522, -23.884244782793168], [29.733836910846897, -23.884214661623723], [29.73395439613653, -23.884191480415176], [29.73394575471737, -23.884092195954956], [29.7339751727871, -23.88408866023974], [29.73399383168938, -23.884196805602688], [29.73403043545675, -23.884223274546642], [29.734091978691115, -23.88418903431705], [29.734228438736046, -23.884289058831488], [29.734090684596925, -23.884439158432627], [29.7339375913359, -23.88432737600573]]]}}, {"type": "Feature", "properties": {"Id": 73, "Name": "VL", "OtherName": "Samora Machel", "Type": "Residence", "Shape_Leng": 450.44553174, "Shape_Le_1": 450.44553174, "Shape_Area": 2021.12236922}, "geometry": {"type": "Polygon", "coordinates": [[[29.733748718922524, -23.884228282982015], [29.733810894592214, -23.884224164046], [29.733845806511024, -23.884325994184717], [29.733765684842936, -23.884411790456987], [29.733491089095843, -23.88444379068864], [29.7333812779627, -23.884364385234097], [29.733375832151207, -23.88410534091216], [29.733433212844776, -23.884028988974276], [29.733531359792856, -23.884021218055203], [29.733553593274824, -23.88398767679616], [29.733544635580675, -23.883873332595073], [29.73364756049671, -23.883781104781885], [29.733902944237762, -23.883770538447244], [29.733945592456724, -23.883772792937872], [29.734018798750043, -23.88382573088216], [29.734003940075038, -23.88389831251637], [29.73406391814703, -23.883945458406583], [29.734139007243108, -23.883932070751033], [29.73426160430583, -23.883996183009753], [29.734254247228385, -23.884113830811085], [29.734159566476293, -23.884130580473606], [29.7341581096408, -23.884061301620868], [29.73411489124473, -23.884031936707906], [29.734059202671173, -23.884032926820517], [29.734009623030474, -23.884012715784582], [29.733980837379065, -23.88404637359104], [29.733941085196296, -23.884025987812098], [29.733969554175875, -23.88397726942895], [29.733919910244875, -23.883954045900467], [29.733894953486946, -23.883858065093463], [29.733675983187062, -23.883886063941887], [29.73364366898149, -23.883907730901043], [29.733661757618883, -23.883988767637575], [29.73362314540003, -23.88402260006662], [29.733653323409296, -23.884055209643194], [29.73363083662058, -23.88407670190369], [29.733591020157213, -23.884053303569008], [29.73356229867747, -23.884089972866473], [29.733470892993406, -23.8841066647936], [29.73345817029715, -23.884124969865027], [29.73348187708704, -23.884317397492662], [29.733505568127732, -23.884353136009587], [29.733590485003347, -23.88433957300187], [29.733589915058648, -23.884312464304987], [29.73362594881803, -23.88431182375108], [29.73362664542427, -23.88434495650157], [29.733734302425145, -23.88432195016408], [29.733753704061034, -23.88430955264273], [29.733748718922524, -23.884228282982015]]]}}, {"type": "Feature", "properties": {"Id": 75, "Name": "VN", "OtherName": "Chris Hani", "Type": "Residence", "Shape_Leng": 645.686238029, "Shape_Le_1": 645.686238029, "Shape_Area": 2818.64360977}, "geometry": {"type": "MultiPolygon", "coordinates": [[[[29.734277119534735, -23.885311630516842], [29.73409845741056, -23.88531876945785], [29.73409451307614, -23.885233658142038], [29.734270814145905, -23.88521665665118], [29.734277119534735, -23.885311630516842]]], [[[29.734328615035725, -23.885096770709566], [29.73433760366211, -23.885114439780594], [29.73436344606959, -23.88511398025656], [29.734375713836165, -23.885185076822744], [29.734328293760463, -23.885183938948927], [29.734330988854328, -23.885209643384975], [29.73438052000774, -23.88520876262852], [29.73437924187248, -23.885250385528487], [29.7342845682651, -23.88525603116888], [29.7342815816613, -23.885216465190176], [29.734302992727994, -23.88521014120136], [29.73430042258425, -23.88519037781144], [29.734240164587067, -23.885193430366748], [29.734244958904696, -23.88511410604402], [29.734281569802157, -23.885113455057873], [29.734281153362417, -23.88509365337135], [29.734328615035725, -23.885096770709566]]], [[[29.73417878219009, -23.88514301617563], [29.734019876381126, -23.885167632633323], [29.73399555141411, -23.88503534021614], [29.73415027363456, -23.88501674145029], [29.73417878219009, -23.88514301617563]]], [[[29.734074766689382, -23.88461722329015], [29.734076666916586, -23.884707587677614], [29.73412007555587, -23.884745988205722], [29.734244492639267, -23.884740762407457], [29.734331120032017, -23.884808527718047], [29.734336803381506, -23.88492293003012], [29.7342516952329, -23.884927456967276], [29.73424645634772, -23.88483413925719], [29.734213444258607, -23.884822672730035], [29.73408940812856, -23.88484597155021], [29.733989360453272, -23.884763378486593], [29.733967361916406, -23.884652278906884], [29.73373194913505, -23.884677557559193], [29.733712800765883, -23.88470200318989], [29.733737947624068, -23.884807020546024], [29.733635148701826, -23.884905272530958], [29.73353712875814, -23.88491906851496], [29.73350834279911, -23.88495272625877], [29.733541751794487, -23.88513895416666], [29.733584780478623, -23.885159282683347], [29.73380375194824, -23.885131283789416], [29.733806394748452, -23.88510110347585], [29.733808024195785, -23.885022729836397], [29.73391952790107, -23.8850267737657], [29.73392212478398, -23.885150271801166], [29.73383204848675, -23.885230217910955], [29.733547370197908, -23.88525034500704], [29.733447703461504, -23.88518582554217], [29.733405716763848, -23.88490332466606], [29.733489114162214, -23.88481747121975], [29.733581025989974, -23.884824876374648], [29.7336321721506, -23.884763702299722], [29.733597641203634, -23.88467994516073], [29.733671020822648, -23.88458522890266], [29.73398807622667, -23.884546446234605], [29.734074766689382, -23.88461722329015]]]]}}, {"type": "Feature", "properties": {"Id": 78, "Name": "VK", "OtherName": "Che Guevara", "Type": "Residence", "Shape_Leng": 219.801065366, "Shape_Le_1": 219.801065366, "Shape_Area": 841.188112933}, "geometry": {"type": "Polygon", "coordinates": [[[29.734595744680338, -23.88464147112076], [29.73458844552353, -23.884556656862916], [29.734988224389806, -23.884553351301047], [29.73498874985108, -23.884512771599894], [29.73501350463355, -23.884509795164377], [29.735013184732548, -23.884494587535002], [29.73503815377364, -23.88450175009931], [29.73503740730665, -23.884466264428468], [29.73542337648771, -23.884461935292695], [29.73541986298607, -23.8845570837221], [29.73502967885877, -23.88455768450663], [29.735024725465955, -23.8845843968176], [29.735063983691447, -23.88461539418759], [29.735034115527622, -23.884637478227432], [29.7349792162754, -23.884583939056718], [29.734970714668734, -23.884638605859852], [29.734595744680338, -23.88464147112076]]]}}, {"type": "Feature", "properties": {"Id": 79, "Name": "VK Shop", "OtherName": "", "Type": "Commercial", "Shape_Leng": 87.1955271678, "Shape_Le_1": 87.1955271678, "Shape_Area": 390.763028692}, "geometry": {"type": "Polygon", "coordinates": [[[29.73497817656956, -23.88453451245576], [29.734931867627928, -23.8844960337991], [29.734774824646603, -23.884502630093174], [29.73477249791999, -23.884326445687357], [29.734961267197413, -23.88432055232728], [29.734961709117147, -23.88447268217692], [29.734999642047523, -23.88450623839058], [29.73497817656956, -23.88453451245576]]]}}, {"type": "Feature", "properties": {"Id": 81, "Name": "VJ", "OtherName": "Amilca Cabral", "Type": "Residence", "Shape_Leng": 260.994460099, "Shape_Le_1": 260.994460099, "Shape_Area": 1162.22125497}, "geometry": {"type": "MultiPolygon", "coordinates": [[[[29.735058113319056, -23.884074141454203], [29.73505182449029, -23.884233998573425], [29.73481873721411, -23.884230536489934], [29.734822243566867, -23.884069461668474], [29.735058113319056, -23.884074141454203]]], [[[29.73535985736927, -23.883933118110157], [29.73536164372885, -23.884018030362615], [29.734581092988826, -23.88401035981349], [29.734579360458838, -23.88392798271291], [29.73535985736927, -23.883933118110157]]]]}}, {"type": "Feature", "properties": {"Id": 85, "Name": "VH", "OtherName": "Martin Luther King", "Type": "Residence", "Shape_Leng": 178.970675056, "Shape_Le_1": 178.970675056, "Shape_Area": 737.911609258}, "geometry": {"type": "Polygon", "coordinates": [[[29.73664944002978, -23.883756769257914], [29.736647786230947, -23.883678194199927], [29.7372555987005, -23.88366737640694], [29.737434798781354, -23.883665453734338], [29.73743936926793, -23.883751584380988], [29.73664944002978, -23.883756769257914]]]}}, {"type": "Feature", "properties": {"Id": 90, "Name": "VF", "OtherName": "Getrude Shope", "Type": "Residence", "Shape_Leng": 211.845838627, "Shape_Le_1": 211.845838627, "Shape_Area": 1034.60976425}, "geometry": {"type": "Polygon", "coordinates": [[[29.73708091139605, -23.884231651332968], [29.737080035992022, -23.88419006680133], [29.73717048454611, -23.884188456877382], [29.737176125887938, -23.884251746721603], [29.73721919650575, -23.88425098007152], [29.73722250335808, -23.88420337874291], [29.737302183525358, -23.884201960417325], [29.737317258283497, -23.884201692078467], [29.737317716860037, -23.88422347406119], [29.737414626450903, -23.884221748981226], [29.7374141261645, -23.884197986656137], [29.73756077482474, -23.884205280589494], [29.73756588873535, -23.884345837641273], [29.737322371930862, -23.88434224916243], [29.737312757634633, -23.884294876937005], [29.73729979485213, -23.88429312659551], [29.737300336812062, -23.884318869266867], [29.737248609785908, -23.88431780984355], [29.737246998056854, -23.8843435908519], [29.736941028398082, -23.88434111252524], [29.736941528620452, -23.884364875761527], [29.736853233606965, -23.884366447231603], [29.7368544564411, -23.88421983406038], [29.73697285919694, -23.88421574564468], [29.73697754171739, -23.884233491182183], [29.73708091139605, -23.884231651332968]]]}}, {"type": "Feature", "properties": {"Id": 93, "Name": "VG", "OtherName": "Bernard Ncube", "Type": "Residence", "Shape_Leng": 179.392258042, "Shape_Le_1": 179.392258042, "Shape_Area": 765.54760195}, "geometry": {"type": "Polygon", "coordinates": [[[29.735930002043393, -23.88429444529099], [29.73671582698563, -23.884290604998984], [29.73671758757899, -23.884374249549623], [29.73593049025402, -23.884383183930133], [29.735930002043393, -23.88429444529099]]]}}, {"type": "Feature", "properties": {"Id": 94, "Name": "Residence Office", "OtherName": "", "Type": "Residence Admistrative", "Shape_Leng": 136.568399098, "Shape_Le_1": 136.568399098, "Shape_Area": 370.529460203}, "geometry": {"type": "Polygon", "coordinates": [[[29.73581214117997, -23.8849425591932], [29.735857814513338, -23.884939150881237], [29.735861362969114, -23.884839382617116], [29.73605556376365, -23.884838808303208], [29.73605578270669, -23.8849151651852], [29.73604235752778, -23.884914765956033], [29.736042451179156, -23.88498516916856], [29.73610284837185, -23.884986221825887], [29.73610316593439, -23.88503428756013], [29.736079339777156, -23.88503428549918], [29.73607887444143, -23.88501217328808], [29.736040604771333, -23.885010677274703], [29.735979080907548, -23.885012290903706], [29.735979591792418, -23.88492919436074], [29.735868952019388, -23.88493168181938], [29.735867982865333, -23.8850734673365], [29.735806979458577, -23.88507299488116], [29.73581214117997, -23.8849425591932]]]}}, {"type": "Feature", "properties": {"Id": 97, "Name": "VA", "OtherName": "Khanya House", "Type": "Residence", "Shape_Leng": 126.263206221, "Shape_Le_1": 126.263206221, "Shape_Area": 942.691642883}, "geometry": {"type": "Polygon", "coordinates": [[[29.737195176719077, -23.885227253809198], [29.73757643003955, -23.885229392151505], [29.737574849574223, -23.885447686316787], [29.737192730604082, -23.8854463748145], [29.737195176719077, -23.885227253809198]]]}}, {"type": "Feature", "properties": {"Id": 98, "Name": "VB", "OtherName": "Shaka House", "Type": "Residence", "Shape_Leng": 121.20541794, "Shape_Le_1": 121.20541794, "Shape_Area": 872.695358212}, "geometry": {"type": "Polygon", "coordinates": [[[29.73683481175786, -23.88564053088379], [29.737190191605293, -23.885636186417337], [29.737201237701, -23.88585389483776], [29.73683057486563, -23.885848606855408], [29.73683481175786, -23.88564053088379]]]}}, {"type": "Feature", "properties": {"Id": 99, "Name": "VC", "OtherName": "Hector Peterson", "Type": "Residence", "Shape_Leng": 139.691394026, "Shape_Le_1": 139.691394026, "Shape_Area": 988.436139072}, "geometry": {"type": "Polygon", "coordinates": [[[29.73618349070278, -23.88570956980897], [29.736182573846833, -23.885666004908224], [29.736107157457294, -23.88566536576326], [29.736098224279985, -23.885445638440913], [29.736397778253, -23.885450212613843], [29.736397319803977, -23.88542843061779], [29.73645542406897, -23.88542541553748], [29.736481183128603, -23.885420994961454], [29.736475583860148, -23.88566673406317], [29.736260227294302, -23.885670566383297], [29.73626313116392, -23.885706171574345], [29.73618349070278, -23.88570956980897]]]}}, {"type": "Feature", "properties": {"Id": 101, "Name": "VE", "OtherName": "Ellen Khuzwayo", "Type": "Residence", "Shape_Leng": 129.387114602, "Shape_Le_1": 129.387114602, "Shape_Area": 1003.80111735}, "geometry": {"type": "Polygon", "coordinates": [[[29.735367683150134, -23.885230825658816], [29.735733954786923, -23.885232233259465], [29.735747486374205, -23.885465745556413], [29.73535321792535, -23.88546483606046], [29.735367683150134, -23.885230825658816]]]}}, {"type": "Feature", "properties": {"Id": 102, "Name": "Reakgona Disability Centre (RDC)", "OtherName": "", "Type": "Student Support Services", "Shape_Leng": 313.282932849, "Shape_Le_1": 313.282932849, "Shape_Area": 1122.11790519}, "geometry": {"type": "MultiPolygon", "coordinates": [[[[29.737732072996327, -23.886083459243128], [29.737726127660263, -23.886262073091512], [29.737424567773328, -23.886273121607093], [29.737427879233216, -23.88617894076702], [29.73769790575147, -23.886179001729662], [29.737698514564507, -23.886166008687283], [29.737422330530453, -23.886166868730104], [29.737423320195035, -23.886088144688564], [29.737732072996327, -23.886083459243128]]], [[[29.737714409918368, -23.885863170133554], [29.73771878502312, -23.88593683284943], [29.737690590050782, -23.885938892627465], [29.737690863322626, -23.885951869965456], [29.737719112956498, -23.8859524058351], [29.737718450218193, -23.88602823500014], [29.737412619870685, -23.88604094976902], [29.73741310790603, -23.885956814874383], [29.73765873897293, -23.885955038525495], [29.737656098678283, -23.88593691008674], [29.737416167067025, -23.88594118158764], [29.737413974325758, -23.885863845451613], [29.737714409918368, -23.885863170133554]]]]}}, {"type": "Feature", "properties": {"Id": 104, "Name": "Parking", "OtherName": "", "Type": "Vehicles Parking", "Shape_Leng": 245.104841136, "Shape_Le_1": 245.104841136, "Shape_Area": 597.904820897}, "geometry": {"type": "MultiPolygon", "coordinates": [[[[29.737385146162815, -23.88616103869068], [29.73691941244905, -23.886170140427797], [29.736924478187003, -23.886117310039364], [29.737383324798838, -23.886116444784044], [29.737385146162815, -23.88616103869068]]], [[[29.737376546494275, -23.886045973807295], [29.73737424775005, -23.886104435556703], [29.736929463352656, -23.88610261542045], [29.736923095088517, -23.88605161042033], [29.737376546494275, -23.886045973807295]]], [[[29.737377701024123, -23.885933168538475], [29.73737341607474, -23.885981116702165], [29.737247224363504, -23.885980928946108], [29.737246319296613, -23.885937941498106], [29.737377701024123, -23.885933168538475]]]]}}, {"type": "Feature", "properties": {"Id": 107, "Name": "Recreational Hall", "OtherName": "", "Type": "Recreational Activities Centre", "Shape_Leng": 107.462201553, "Shape_Le_1": 107.462201553, "Shape_Area": 572.218741631}, "geometry": {"type": "Polygon", "coordinates": [[[29.737012987424364, -23.88719194102616], [29.737003904760574, -23.887059148800766], [29.737390513523785, -23.88705804741743], [29.737393281582754, -23.887189506131843], [29.737012987424364, -23.88719194102616]]]}}, {"type": "Feature", "properties": {"Id": 108, "Name": "Boxing Gym", "OtherName": "", "Type": "Sports", "Shape_Leng": 64.7117068507, "Shape_Le_1": 64.7117068507, "Shape_Area": 188.197264565}, "geometry": {"type": "Polygon", "coordinates": [[[29.737011690242298, -23.88720496978921], [29.73708392988935, -23.887202238911197], [29.73708553190296, -23.887427654379305], [29.737008488182436, -23.887426134955803], [29.737011690242298, -23.88720496978921]]]}}, {"type": "Feature", "properties": {"Id": 109, "Name": "Old Cinema Hall (OCH)", "OtherName": "", "Type": "Lecture Hall", "Shape_Leng": 109.219021461, "Shape_Le_1": 109.219021461, "Shape_Area": 562.246857111}, "geometry": {"type": "Polygon", "coordinates": [[[29.73713882688664, -23.887196926770084], [29.73726762563993, -23.887193188980696], [29.73727698338064, -23.887562980023], [29.737135554271426, -23.887564052735584], [29.73713882688664, -23.887196926770084]]]}}, {"type": "Feature", "properties": {"Id": 110, "Name": " Restroom", "OtherName": "", "Type": "Restroom", "Shape_Leng": 61.343987163, "Shape_Le_1": 61.343987163, "Shape_Area": 180.212325149}, "geometry": {"type": "Polygon", "coordinates": [[[29.737316603041233, -23.88720532275025], [29.737396667711863, -23.88720100744773], [29.73740104800645, -23.887409031014098], [29.737325574246505, -23.88740748470204], [29.737316603041233, -23.88720532275025]]]}}, {"type": "Feature", "properties": {"Id": 111, "Name": "", "OtherName": "", "Type": "Recreational", "Shape_Leng": 96.4169610912, "Shape_Le_1": 96.4169610912, "Shape_Area": 488.530918548}, "geometry": {"type": "Polygon", "coordinates": [[[29.736985403725413, -23.886938836737446], [29.737017528119125, -23.886983585314297], [29.736927623796053, -23.887061026460895], [29.736839049903452, -23.88696271474847], [29.73685770609947, -23.886941109698157], [29.736792108764824, -23.886883083840146], [29.736833580301468, -23.88684627457943], [29.736825225058666, -23.886831625164355], [29.736932125355025, -23.88674925692323], [29.73706047804411, -23.88687368234712], [29.736985403725413, -23.886938836737446]]]}}, {"type": "Feature", "properties": {"Id": 112, "Name": "New Cinema Hall (NCH)", "OtherName": "", "Type": "Lecture Hall", "Shape_Leng": 113.914867989, "Shape_Le_1": 113.914867989, "Shape_Area": 732.09950315}, "geometry": {"type": "Polygon", "coordinates": [[[29.73719329371202, -23.886499394700376], [29.737195128619035, -23.886437220916086], [29.73734435008319, -23.88643311866769], [29.7373439958764, -23.886490931166126], [29.737386475583655, -23.886493065785384], [29.737393156620275, -23.88673573140264], [29.737158883019752, -23.88673123113327], [29.73715235447656, -23.886495787631404], [29.73719329371202, -23.886499394700376]]]}}, {"type": "Feature", "properties": {"Id": 113, "Name": "Resturant", "OtherName": "", "Type": "Commercial Services", "Shape_Leng": 111.777503363, "Shape_Le_1": 111.777503363, "Shape_Area": 677.079856518}, "geometry": {"type": "Polygon", "coordinates": [[[29.736946300679893, -23.88671189285947], [29.73693813026781, -23.88639844088772], [29.73712502749124, -23.88639222327223], [29.737129548586566, -23.886532322467673], [29.7371078583364, -23.886547160117335], [29.73711033160319, -23.886739321163347], [29.73697685101715, -23.88674458709843], [29.736946300679893, -23.88671189285947]]]}}, {"type": "Feature", "properties": {"Id": 114, "Name": "Parking", "OtherName": "", "Type": "Vehicles  Parking", "Shape_Leng": 46.1799553989, "Shape_Le_1": 46.1799553989, "Shape_Area": 88.7596654612}, "geometry": {"type": "Polygon", "coordinates": [[[29.736940663792858, -23.88636949268936], [29.73694458671409, -23.886331849010116], [29.737118853973122, -23.886322966264828], [29.73712306122861, -23.886373471799182], [29.736940663792858, -23.88636949268936]]]}}, {"type": "Feature", "properties": {"Id": 115, "Name": "Radio Turf", "OtherName": "", "Type": "Media and Communication Services", "Shape_Leng": 48.794803844, "Shape_Le_1": 48.794803844, "Shape_Area": 118.634625161}, "geometry": {"type": "Polygon", "coordinates": [[[29.73738228843587, -23.886990147384317], [29.737341052093353, -23.886993694724346], [29.737337312635173, -23.886961403258738], [29.73735566588449, -23.886961076528078], [29.737349419564936, -23.88688240368837], [29.7373386831575, -23.886881187753453], [29.737341031834823, -23.88684738083747], [29.73739327004535, -23.886857705605355], [29.73744960409057, -23.88691719847404], [29.737450048290796, -23.886938293867498], [29.73738228843587, -23.886990147384317]]]}}, {"type": "Feature", "properties": {"Id": 116, "Name": "Student Centre", "OtherName": "", "Type": "Student support servrices", "Shape_Leng": 174.491430212, "Shape_Le_1": 174.491430212, "Shape_Area": 808.004631707}, "geometry": {"type": "Polygon", "coordinates": [[[29.737435070920263, -23.88709894361481], [29.737416747250744, -23.88710067599452], [29.737409119260462, -23.887029062193115], [29.737416439967223, -23.887013455928894], [29.737487111114216, -23.8869545161331], [29.737484219215833, -23.8868898515501], [29.737414297682527, -23.88683904209024], [29.737409610619324, -23.88676174766005], [29.737413862787378, -23.88667303935362], [29.737488835892826, -23.886673111685678], [29.73749129378751, -23.886789838265393], [29.737531681473637, -23.886818663129976], [29.737672274017736, -23.886810532666143], [29.7376717409451, -23.886785218559176], [29.73772530250421, -23.886785671988036], [29.7377249278313, -23.886840546152044], [29.73765740506279, -23.886903650289803], [29.73765070532063, -23.88694878940404], [29.737724218470916, -23.88702485839308], [29.737650133644806, -23.887066976973617], [29.73761730443055, -23.887033796375256], [29.73752706587049, -23.887035402968543], [29.737486392201458, -23.887065671900608], [29.737488661234575, -23.88710080276968], [29.737435070920263, -23.88709894361481]]]}}, {"type": "Feature", "properties": {"Id": 117, "Name": "Moshobane House", "OtherName": "Moshobane House", "Type": "Residence", "Shape_Leng": 1014.60652152, "Shape_Le_1": 1014.60652152, "Shape_Area": 3800.47423943}, "geometry": {"type": "MultiPolygon", "coordinates": [[[[29.73660277262743, -23.886664967258522], [29.736602325171287, -23.886757301084256], [29.736427685820082, -23.886751615607658], [29.736428888400642, -23.8868087487894], [29.736502971521475, -23.88680743036829], [29.73650900076224, -23.88686667534517], [29.736418049473, -23.886861699064013], [29.73641897453033, -23.886905647387522], [29.7365983944535, -23.886911246874423], [29.736595788100026, -23.887014610316356], [29.736210661697744, -23.887003878014205], [29.73621598133143, -23.886915854672523], [29.736395354044184, -23.886919256636446], [29.73638951085169, -23.886868801839764], [29.73634888447516, -23.886869524823343], [29.73634749692787, -23.886803602333796], [29.73639754331912, -23.886796116814658], [29.736389449670146, -23.886752296062248], [29.73621715327892, -23.886744370951284], [29.73621783127372, -23.88666302420211], [29.73660277262743, -23.886664967258522]]], [[[29.736267862829134, -23.886541230716425], [29.736276882395416, -23.886628999794087], [29.736090247984265, -23.88662132967483], [29.736091219174856, -23.886667475789494], [29.73613671738259, -23.88667106248692], [29.73613810481442, -23.88673698498924], [29.736097339725344, -23.88673111547182], [29.736098403414143, -23.88678165623871], [29.736273089070597, -23.886789538962486], [29.73627503158033, -23.886881830273154], [29.73588981302895, -23.886866702474382], [29.735890260002765, -23.886774368623183], [29.73606981853171, -23.8867865611774], [29.736064021711055, -23.886738303231038], [29.7359801938345, -23.88673100132818], [29.73597899147437, -23.8866738690266], [29.736069802917886, -23.886672253167763], [29.73606869301069, -23.88661951552338], [29.73589400757145, -23.886611632545016], [29.735892435287163, -23.886536919817853], [29.736267862829134, -23.886541230716425]]], [[[29.736283528380756, -23.886149666923853], [29.7362857483234, -23.886255142199648], [29.7361064227538, -23.886253936899294], [29.736107208936613, -23.886291292806547], [29.736145676194997, -23.88630159951863], [29.73614697111671, -23.886363127370412], [29.7361015192528, -23.886361737541694], [29.736107269820188, -23.886407798613412], [29.736270007000627, -23.886415893987955], [29.73626955928956, -23.886508227836828], [29.73589872624813, -23.886495041685507], [29.73590137846131, -23.886393875995275], [29.736068895019468, -23.886401886547887], [29.73607265699735, -23.88635345851232], [29.73598657792657, -23.88635279155193], [29.735988505664444, -23.886330774851867], [29.73599952971983, -23.886286613900012], [29.73607857792619, -23.88629400086164], [29.736084821588342, -23.88624992496664], [29.735898141460357, -23.886240056784835], [29.735896106795604, -23.886143370783085], [29.736283528380756, -23.886149666923853]]], [[[29.736618220988184, -23.886035996456513], [29.73661317915415, -23.886137205552213], [29.73644318127412, -23.88612484343083], [29.73643702925488, -23.886173313999116], [29.73652558986179, -23.88617833194798], [29.736524634521434, -23.886246494729637], [29.7364336374292, -23.886239321542888], [29.736434608705117, -23.886285466744354], [29.73660920214546, -23.886288954476097], [29.736611283616732, -23.886387838195077], [29.73622390666778, -23.886383740742396], [29.7362195750405, -23.88629149193672], [29.736410803328464, -23.886290286681692], [29.736409878300705, -23.88624633835438], [29.736369067124297, -23.886238272020748], [29.73636060255185, -23.886176871765162], [29.736420254693673, -23.886171413917253], [29.73641928342806, -23.886125268714544], [29.736232788483328, -23.88612419023118], [29.736230846072868, -23.88603189890818], [29.736618220988184, -23.886035996456513]]]]}}, {"type": "Feature", "properties": {"Id": 121, "Name": "Onkgopotse Tiro House", "OtherName": "Onkgoposte TIro House", "Type": "Residence", "Shape_Leng": 622.4510432, "Shape_Le_1": 622.4510432, "Shape_Area": 2314.01858869}, "geometry": {"type": "MultiPolygon", "coordinates": [[[[29.73553607720915, -23.8868707974139], [29.735541503938244, -23.886901475874065], [29.735591457967303, -23.886889595955036], [29.735611593845658, -23.88693759972765], [29.73555924960719, -23.88694952217788], [29.735569455754817, -23.88698011560688], [29.7357571399091, -23.886924019045342], [29.735797365525332, -23.88701782694779], [29.735436057647714, -23.887116580931906], [29.735395879449747, -23.88702496977417], [29.735545788925897, -23.88699152785795], [29.73553084960187, -23.886963216331605], [29.735447668901966, -23.88698667854088], [29.73542734815395, -23.88692988633337], [29.73552018010582, -23.886910648738308], [29.73551222545303, -23.88687342034793], [29.735371967376384, -23.886911086830334], [29.73534359861007, -23.886812670663506], [29.73571005508635, -23.88673141145192], [29.735735895179882, -23.886823277621282], [29.73553607720915, -23.8868707974139]]], [[[29.73504502201377, -23.88663939052366], [29.73505530370996, -23.886662617879328], [29.735089506285373, -23.886659308185926], [29.735105439629116, -23.886718451105878], [29.734993381336018, -23.886744755292863], [29.73496965596913, -23.886687551531825], [29.73502703038978, -23.886668523421562], [29.73501970433608, -23.886646143330058], [29.734888164934823, -23.886677295846454], [29.734853028245094, -23.88658968156404], [29.73521928002965, -23.88649763003108], [29.73524875178936, -23.886595248620832], [29.73504502201377, -23.88663939052366]]], [[[29.734952931125758, -23.886311482787473], [29.734963212773863, -23.886334710154042], [29.735002309454114, -23.886331313437278], [29.735018261645013, -23.886391356779818], [29.734972369105996, -23.886397575697348], [29.734983665898884, -23.886422585585038], [29.73518534321452, -23.886373978395955], [29.73520975030455, -23.88646358403105], [29.734845304632426, -23.88654840109382], [29.734821068157835, -23.886466895408947], [29.734961322851706, -23.88643108695233], [29.734951945657734, -23.886404241437983], [29.73487004360144, -23.886421005342967], [29.734852190797724, -23.886363697104837], [29.7349339224235, -23.88633883318429], [29.734922643590135, -23.886314722810503], [29.734790200978388, -23.886349492444882], [29.734768977037437, -23.8862715352279], [29.73513803119074, -23.886173130725723], [29.735146758476823, -23.88626211544404], [29.734952931125758, -23.886311482787473]]]]}}, {"type": "Feature", "properties": {"Id": 124, "Name": "Storage", "OtherName": "", "Type": "", "Shape_Leng": 210.666760024, "Shape_Le_1": 210.666760024, "Shape_Area": 658.910881147}, "geometry": {"type": "MultiPolygon", "coordinates": [[[[29.733760815502723, -23.886009885756042], [29.73375666285122, -23.88626715290417], [29.733684691850947, -23.886255243512696], [29.733677127693984, -23.88600917496832], [29.733760815502723, -23.886009885756042]]], [[[29.733676177736065, -23.885736610095044], [29.733676434624687, -23.885976213646185], [29.73359752523084, -23.885975417863246], [29.73360209406835, -23.885737927117283], [29.733676177736065, -23.885736610095044]]], [[[29.733637995109607, -23.885398760726726], [29.733638298051893, -23.885640561174032], [29.73354978393668, -23.885637738396998], [29.733554399106087, -23.885402444516902], [29.733637995109607, -23.885398760726726]]]]}}, {"type": "Feature", "properties": {"Id": 127, "Name": "Flat C", "OtherName": "", "Type": "Residence", "Shape_Leng": 111.223296566, "Shape_Le_1": 111.223296566, "Shape_Area": 436.664984787}, "geometry": {"type": "Polygon", "coordinates": [[[29.733717794446775, -23.885555614499292], [29.73416734940354, -23.885560811510807], [29.73417411589174, -23.88565521579904], [29.733719411602834, -23.885632524252237], [29.733717794446775, -23.885555614499292]]]}}, {"type": "Feature", "properties": {"Id": 128, "Name": "Flat B", "OtherName": "", "Type": "Residence", "Shape_Leng": 112.022549422, "Shape_Le_1": 112.022549422, "Shape_Area": 501.709706782}, "geometry": {"type": "Polygon", "coordinates": [[[29.73377270569127, -23.885893167318322], [29.734205579706963, -23.885900858393036], [29.734210279579703, -23.886010686935414], [29.733765087588353, -23.885985628773287], [29.73377270569127, -23.885893167318322]]]}}, {"type": "Feature", "properties": {"Id": 129, "Name": "Flat A", "OtherName": "", "Type": "Residence", "Shape_Leng": 104.346307118, "Shape_Le_1": 104.346307118, "Shape_Area": 443.249955738}, "geometry": {"type": "Polygon", "coordinates": [[[29.73384300561936, -23.88616669691091], [29.734252028855217, -23.886177010433133], [29.734254062301414, -23.886273696567628], [29.73384981816799, -23.886263299007386], [29.73384300561936, -23.88616669691091]]]}}, {"type": "Feature", "properties": {"Id": 130, "Name": "Generators", "OtherName": "", "Type": "", "Shape_Leng": 136.935868985, "Shape_Le_1": 136.935868985, "Shape_Area": 755.753527752}, "geometry": {"type": "Polygon", "coordinates": [[[29.73395003083909, -23.886481340621987], [29.733936094844584, -23.886387064697995], [29.734315286002726, -23.886342951452214], [29.734373869511487, -23.886627681145118], [29.734264308119485, -23.886647214626777], [29.73417706046393, -23.88647730388113], [29.73395003083909, -23.886481340621987]]]}}, {"type": "Feature", "properties": {"Id": 133, "Name": "Gate 2", "OtherName": "", "Type": "Pedastrian Entrance", "Shape_Leng": 71.7947267901, "Shape_Le_1": 71.7947267901, "Shape_Area": 257.779743993}, "geometry": {"type": "Polygon", "coordinates": [[[29.734327592811525, -23.88704177282272], [29.73431697097114, -23.886991401963822], [29.734297806111826, -23.886989544161054], [29.73426370221131, -23.886959375583267], [29.73430372785836, -23.886930086506556], [29.73432284550244, -23.886929746545935], [29.73432582341802, -23.886843962517858], [29.734423804707692, -23.886842220125338], [29.734425712893515, -23.887046621953164], [29.734327592811525, -23.88704177282272]]]}}, {"type": "Feature", "properties": {"Id": 135, "Name": "Tsalas Shop", "OtherName": "", "Type": "Commercial", "Shape_Leng": 130.336389953, "Shape_Le_1": 130.336389953, "Shape_Area": 516.574006636}, "geometry": {"type": "Polygon", "coordinates": [[[29.737304976846612, -23.88776917074376], [29.737306609428057, -23.887817382696742], [29.737032694962064, -23.887815344433676], [29.73703234324284, -23.88779863917334], [29.737017752382023, -23.887790255228516], [29.73701319759445, -23.887782268457777], [29.737019328179485, -23.887775820756573], [29.737030544473075, -23.887772739272886], [29.737042052085084, -23.887771652642186], [29.737041358105717, -23.887738691420505], [29.737055557594786, -23.887731843762346], [29.73708616269816, -23.887709316578885], [29.73714715723113, -23.887767583953277], [29.737199732927078, -23.88776664801866], [29.73719940903612, -23.887751265395487], [29.737199901288957, -23.88766112940976], [29.737448302420013, -23.88765011233475], [29.737457924478278, -23.887766447814847], [29.737304976846612, -23.88776917074376]]]}}, {"type": "Feature", "properties": {"Id": 137, "Name": "Parking", "OtherName": "", "Type": "", "Shape_Leng": 85.0469399544, "Shape_Le_1": 85.0469399544, "Shape_Area": 140.040353628}, "geometry": {"type": "MultiPolygon", "coordinates": [[[[29.737778042100228, -23.88719762094034], [29.73766859441918, -23.887301314404986], [29.737638659543865, -23.887274835123005], [29.737745152530604, -23.88717029354834], [29.737778042100228, -23.88719762094034]]], [[[29.737706552786296, -23.887104352263115], [29.737572936328682, -23.887222881493116], [29.737550871321588, -23.887198063555353], [29.73767183846134, -23.8870833607133], [29.737706552786296, -23.887104352263115]]]]}}, {"type": "Feature", "properties": {"Id": 139, "Name": "Oscar Mpetha Entrarnce", "OtherName": "", "Type": "Sports Ground", "Shape_Leng": 159.043148986, "Shape_Le_1": 159.043148986, "Shape_Area": 1167.70959167}, "geometry": {"type": "Polygon", "coordinates": [[[29.735806189931278, -23.88198370982824], [29.735944839528198, -23.881983441860438], [29.735972386291646, -23.882497338891966], [29.735816545979542, -23.882475930336035], [29.735800405185564, -23.882390486437522], [29.735662850817715, -23.882329184791175], [29.735651165761592, -23.88222827319406], [29.735797616292476, -23.882144333229537], [29.735806189931278, -23.88198370982824]]]}}, {"type": "Feature", "properties": {"Id": 140, "Name": "Restrooms", "OtherName": "", "Type": "Restrooms", "Shape_Leng": 49.1934842442, "Shape_Le_1": 49.1934842442, "Shape_Area": 146.05753068}, "geometry": {"type": "Polygon", "coordinates": [[[29.73497576138831, -23.881764067515928], [29.734976951193772, -23.881634389235288], [29.735073835202424, -23.881631765487374], [29.73507565881404, -23.881764992232085], [29.73497576138831, -23.881764067515928]]]}}, {"type": "Feature", "properties": {"Id": 141, "Name": "Change Rooms", "OtherName": "", "Type": "Sport Changing rooms", "Shape_Leng": 70.7996503675, "Shape_Le_1": 70.7996503675, "Shape_Area": 262.441238836}, "geometry": {"type": "Polygon", "coordinates": [[[29.73496612200562, -23.881585059996034], [29.73496961516352, -23.88151836828098], [29.734925714396972, -23.881479530814154], [29.734967178332827, -23.88144908070142], [29.734967772753823, -23.88138424111636], [29.735071508980155, -23.88138149642809], [29.735080643537717, -23.881583023324552], [29.73496612200562, -23.881585059996034]]]}}, {"type": "Feature", "properties": {"Id": 142, "Name": "Gate 1", "OtherName": "", "Type": "Main Entrance", "Shape_Leng": 82.0227984586, "Shape_Le_1": 82.0227984586, "Shape_Area": 346.715204642}, "geometry": {"type": "Polygon", "coordinates": [[[29.738379899052276, -23.88074591148161], [29.738663673249434, -23.880740858459365], [29.738666276352276, -23.88086446253281], [29.738381851166576, -23.8808386141078], [29.738379899052276, -23.88074591148161]]]}}, {"type": "Feature", "properties": {"Id": 143, "Name": "Gate 0", "OtherName": "", "Type": "Entrance", "Shape_Leng": 35.3214840566, "Shape_Le_1": 35.3214840566, "Shape_Area": 73.2825113769}, "geometry": {"type": "Polygon", "coordinates": [[[29.740934407668867, -23.880355393172835], [29.740992494990145, -23.880352950865248], [29.741006775152456, -23.880449770330927], [29.740933453988724, -23.880455297374127], [29.740934407668867, -23.880355393172835]]]}}, {"type": "Feature", "properties": {"Id": 145, "Name": "H Block Extension", "OtherName": "", "Type": "Laboratory", "Shape_Leng": 83.238561, "Shape_Le_1": 83.238561, "Shape_Area": 388.363128158}, "geometry": {"type": "Polygon", "coordinates": [[[29.738235713291402, -23.884962960963396], [29.73824159125729, -23.88482125608157], [29.738346950154376, -23.884826510927905], [29.7383506938626, -23.884793846159287], [29.738441633479468, -23.884798338742097], [29.73844334176575, -23.88482683143255], [29.738458846337736, -23.88482655532206], [29.73845971942414, -23.88497323392979], [29.738235713291402, -23.884962960963396]]]}}, {"type": "Feature", "properties": {"Id": 146, "Name": "H Block", "OtherName": "", "Type": "Laboratory", "Shape_Leng": 138.187850273, "Shape_Le_1": 138.187850273, "Shape_Area": 781.695267782}, "geometry": {"type": "Polygon", "coordinates": [[[29.738060479935438, -23.885269654831667], [29.738065508657183, -23.885140190034214], [29.73860158392553, -23.885133699762967], [29.738603115475318, -23.885258972715857], [29.738581008225665, -23.88526140437977], [29.738060479935438, -23.885269654831667]]]}}, {"type": "Feature", "properties": {"Id": 147, "Name": "G Block", "OtherName": "", "Type": "", "Shape_Leng": 155.677189401, "Shape_Le_1": 155.677189402, "Shape_Area": 904.488939861}, "geometry": {"type": "Polygon", "coordinates": [[[29.73802856737295, -23.885577154114156], [29.738020370299243, -23.885450979929384], [29.738649516660356, -23.885444870102116], [29.738647832286716, -23.88557529428255], [29.73802856737295, -23.885577154114156]]]}}, {"type": "Feature", "properties": {"Id": 148, "Name": "F Block", "OtherName": "", "Type": "", "Shape_Leng": 161.427190906, "Shape_Le_1": 161.427190906, "Shape_Area": 957.500231433}, "geometry": {"type": "Polygon", "coordinates": [[[29.738035836896845, -23.885760934375593], [29.73867874548809, -23.88576471935027], [29.73868912616072, -23.885890470975315], [29.73803205559803, -23.885896078330052], [29.738035836896845, -23.885760934375593]]]}}, {"type": "Feature", "properties": {"Id": 149, "Name": "E Block", "OtherName": "", "Type": "", "Shape_Leng": 168.385708047, "Shape_Le_1": 168.385708046, "Shape_Area": 1005.42227986}, "geometry": {"type": "Polygon", "coordinates": [[[29.738043590241375, -23.886076651710532], [29.73872951800628, -23.886077639611734], [29.73872786054794, -23.8862086824454], [29.73804409701199, -23.886205625325125], [29.738043590241375, -23.886076651710532]]]}}, {"type": "Feature", "properties": {"Id": 150, "Name": "E block greenhouse", "OtherName": "", "Type": "", "Shape_Leng": 52.9655327291, "Shape_Le_1": 52.9655327291, "Shape_Area": 149.010809339}, "geometry": {"type": "Polygon", "coordinates": [[[29.738500104724316, -23.886059080648344], [29.73850081644932, -23.88598797546063], [29.73868312166169, -23.885990822602103], [29.73867807925701, -23.88606606726644], [29.738500104724316, -23.886059080648344]]]}}, {"type": "Feature", "properties": {"Id": 151, "Name": "D Block", "OtherName": "", "Type": "Student Support Serveices", "Shape_Leng": 138.992964488, "Shape_Le_1": 138.992964489, "Shape_Area": 795.447002247}, "geometry": {"type": "Polygon", "coordinates": [[[29.738094911064, -23.88652057586789], [29.738091091710828, -23.88639166124806], [29.73863004700186, -23.886389172541353], [29.738636138709946, -23.886521092723505], [29.738094911064, -23.88652057586789]]]}}, {"type": "Feature", "properties": {"Id": 152, "Name": "C Block", "OtherName": "", "Type": "", "Shape_Leng": 138.752270681, "Shape_Le_1": 138.752270681, "Shape_Area": 823.090357972}, "geometry": {"type": "Polygon", "coordinates": [[[29.738103154815345, -23.88670222318569], [29.73863319315746, -23.886695830807035], [29.73863601617288, -23.886829840828234], [29.738102794059728, -23.886842383930716], [29.738103154815345, -23.88670222318569]]]}}, {"type": "Feature", "properties": {"Id": 153, "Name": "B Block", "OtherName": "", "Type": "Student support services", "Shape_Leng": 135.158151515, "Shape_Le_1": 135.158151515, "Shape_Area": 727.974359545}, "geometry": {"type": "Polygon", "coordinates": [[[29.738111977793988, -23.88713949415569], [29.73811049529227, -23.88701663101111], [29.738642828145267, -23.887014259997365], [29.738642039296696, -23.887134116565658], [29.738111977793988, -23.88713949415569]]]}}, {"type": "Feature", "properties": {"Id": 155, "Name": "A Block", "OtherName": "", "Type": "Administrative Services", "Shape_Leng": 376.89479794, "Shape_Le_1": 376.89479794, "Shape_Area": 2880.99741338}, "geometry": {"type": "MultiPolygon", "coordinates": [[[[29.73841201360556, -23.887645002764767], [29.738421030243707, -23.88802061825652], [29.738009277783103, -23.888032014241762], [29.738010029643114, -23.887805519073222], [29.737791371437982, -23.887807381867717], [29.7377582187243, -23.887754144416217], [29.737761060882733, -23.887731750417966], [29.737796363576457, -23.88767729407828], [29.738009629634604, -23.887681621290866], [29.738013404541626, -23.887651085976827], [29.73841201360556, -23.887645002764767]]], [[[29.73835541522428, -23.887422576899528], [29.73835607815017, -23.88745404854447], [29.738414617198444, -23.887454022265292], [29.738416135562183, -23.88752610309144], [29.73829360037167, -23.887529300709872], [29.73828978786313, -23.88745319838162], [29.738314099774218, -23.88745378077716], [29.73831271793655, -23.887440602968564], [29.738285093485587, -23.887440078662205], [29.73828343364524, -23.887413702483567], [29.738135460433163, -23.887415322259095], [29.73812172473605, -23.887287599605408], [29.73858900164095, -23.887290449522357], [29.738597216596876, -23.887418270429], [29.73835541522428, -23.887422576899528]]]]}}, {"type": "Feature", "properties": {"Id": 156, "Name": "Information and Communication Technology", "OtherName": "", "Type": "Technical Services", "Shape_Leng": 87.5529667114, "Shape_Le_1": 87.5529667114, "Shape_Area": 458.743392936}, "geometry": {"type": "Polygon", "coordinates": [[[29.73848513842304, -23.887917915896974], [29.73847571761926, -23.887680430269164], [29.738646856429064, -23.887677382175788], [29.738655195075456, -23.887915902407016], [29.73848513842304, -23.887917915896974]]]}}, {"type": "Feature", "properties": {"Id": 157, "Name": "Staff Restuarant", "OtherName": "", "Type": "Commercial", "Shape_Leng": 183.633737374, "Shape_Le_1": 183.633737374, "Shape_Area": 1278.93359626}, "geometry": {"type": "Polygon", "coordinates": [[[29.738146034018378, -23.88812707717865], [29.73814520003474, -23.888087482971343], [29.738191615430356, -23.88808868801829], [29.73819176512262, -23.888095794693747], [29.738348571888118, -23.888094017486296], [29.73836472826206, -23.888074433353815], [29.73840231084519, -23.88807579474313], [29.738403607182256, -23.888084912622926], [29.73840282411793, -23.88810016061218], [29.73843819900224, -23.888101561310904], [29.738435626760864, -23.88808434235566], [29.738452929734553, -23.88806676851823], [29.73848450746971, -23.888097690459734], [29.738523152128106, -23.88809700217863], [29.7386087739972, -23.888019306065804], [29.738744091909993, -23.88815095611335], [29.73874757269095, -23.888421047185936], [29.738146034018378, -23.88812707717865]]]}}, {"type": "Feature", "properties": {"Id": 159, "Name": "Parking", "OtherName": "", "Type": "", "Shape_Leng": 139.266435143, "Shape_Le_1": 139.266435143, "Shape_Area": 543.343734065}, "geometry": {"type": "MultiPolygon", "coordinates": [[[[29.737916075379477, -23.887588267308004], [29.737823261408607, -23.88767896861329], [29.73778517956046, -23.887649747193063], [29.737884312611598, -23.887556982993026], [29.737916075379477, -23.887588267308004]]], [[[29.737945533636537, -23.887119107375554], [29.73794651240539, -23.887165580916307], [29.738018114190947, -23.88716430593272], [29.738024394849052, -23.88746251120226], [29.73787640870202, -23.88743802666797], [29.737890861532225, -23.8871239545961], [29.737945533636537, -23.887119107375554]]]]}}, {"type": "Feature", "properties": {"Id": 160, "Name": "P Block", "OtherName": "", "Type": "Lecture Halls", "Shape_Leng": 121.329195138, "Shape_Le_1": 121.329195138, "Shape_Area": 773.566528816}, "geometry": {"type": "Polygon", "coordinates": [[[29.738586086268743, -23.88492922275079], [29.73865638653464, -23.88492507266891], [29.7386569153812, -23.884950179253728], [29.738904877230777, -23.884951559057317], [29.738912726892114, -23.8851745669752], [29.73866809825706, -23.885181822060474], [29.738659803734688, -23.885087301010575], [29.738581081205943, -23.885090635372972], [29.738586086268743, -23.88492922275079]]]}}, {"type": "Feature", "properties": {"Id": 164, "Name": "Parking", "OtherName": "", "Type": "", "Shape_Leng": 54.5823451754, "Shape_Le_1": 54.5823451754, "Shape_Area": 90.310650516}, "geometry": {"type": "MultiPolygon", "coordinates": [[[[29.73935599598636, -23.885270999700204], [29.7393592360735, -23.885325038658], [29.739254015834014, -23.885317252239492], [29.73925715832656, -23.88526696427156], [29.73935599598636, -23.885270999700204]]], [[[29.73917767493736, -23.885184337961544], [29.739179926097428, -23.885241291711573], [29.739132627849425, -23.88524020279825], [29.73912936752384, -23.8851851984665], [29.73917767493736, -23.885184337961544]]]]}}, {"type": "Feature", "properties": {"Id": 168, "Name": "M Block", "OtherName": "", "Type": "Lecture Halls", "Shape_Leng": 154.610934363, "Shape_Le_1": 154.610934363, "Shape_Area": 1189.66504942}, "geometry": {"type": "Polygon", "coordinates": [[[29.738938877891023, -23.886163230867083], [29.738926033102455, -23.885675268143494], [29.739100179991787, -23.885662732768058], [29.73912872984664, -23.885678733541273], [29.739133536165244, -23.886150330051247], [29.739121014986946, -23.886164704083967], [29.73910326578244, -23.88617445364712], [29.73908867744071, -23.886212447975094], [29.738973301528993, -23.88621450315288], [29.738938877891023, -23.886163230867083]]]}}, {"type": "Feature", "properties": {"Id": 169, "Name": "N Block", "OtherName": "", "Type": "", "Shape_Leng": 165.056851973, "Shape_Le_1": 165.056851973, "Shape_Area": 1250.71094847}, "geometry": {"type": "Polygon", "coordinates": [[[29.73923181341802, -23.885580202305803], [29.739698593292964, -23.88557896149752], [29.73970170360217, -23.88560484879853], [29.739745090962412, -23.8855946414743], [29.739756508521047, -23.885771319461153], [29.739505394967892, -23.88578286847793], [29.739508952325583, -23.885829972943064], [29.73943454946719, -23.885828940123073], [29.73943094246261, -23.885779478191616], [29.7392462421279, -23.885778051867774], [29.739201910893467, -23.885743465466316], [29.7391938516639, -23.885604462020055], [29.73922723212221, -23.88560622573762], [29.73923181341802, -23.885580202305803]]]}}, {"type": "Feature", "properties": {"Id": 170, "Name": "L Block", "OtherName": "", "Type": "", "Shape_Leng": 97.2781697997, "Shape_Le_1": 97.2781697997, "Shape_Area": 589.405683027}, "geometry": {"type": "Polygon", "coordinates": [[[29.73896197135668, -23.886285457204384], [29.739198000996936, -23.886288328695464], [29.739202819220484, -23.88651700886402], [29.73897694621057, -23.886509239799178], [29.73896197135668, -23.886285457204384]]]}}, {"type": "Feature", "properties": {"Id": 171, "Name": "K Block", "OtherName": "", "Type": "Lecture Halls", "Shape_Leng": 531.485869673, "Shape_Le_1": 531.485869673, "Shape_Area": 3124.30100717}, "geometry": {"type": "Polygon", "coordinates": [[[29.739041886566163, -23.88675543512661], [29.739115943159955, -23.886791905433466], [29.739064715988558, -23.886849696293083], [29.738990267255264, -23.886858441376273], [29.738988293082556, -23.886796652279273], [29.738935992263624, -23.886771617710142], [29.738840131878767, -23.88681722043148], [29.738796226160858, -23.88674381334916], [29.738842808798417, -23.886657047894715], [29.738927036556007, -23.886697588115407], [29.738979809205404, -23.88668119202859], [29.738976629098723, -23.886594076462284], [29.739068323279657, -23.886606044447465], [29.739117822394537, -23.88665771331516], [29.739044970364485, -23.886710325199406], [29.739161944620246, -23.886709477947804], [29.739162833106835, -23.886687823630126], [29.739177632680605, -23.886688178232234], [29.73917738527469, -23.886676436030676], [29.739165959303378, -23.88667663957363], [29.739164237453956, -23.886658741211946], [29.7396845772706, -23.88665522832242], [29.739684463491773, -23.886699667085914], [29.739741315829672, -23.88670541597047], [29.7397434285783, -23.886656112080328], [29.73995031454883, -23.88665242569368], [29.739989264979073, -23.886606329176033], [29.74043779401524, -23.886603165536222], [29.740435070881876, -23.886623500533602], [29.74045631849788, -23.88663471411714], [29.740507900113954, -23.88663959093261], [29.740511966722508, -23.886682988546184], [29.740455277224562, -23.886684964622326], [29.74043405758029, -23.886724949112203], [29.740064474413828, -23.88673539928273], [29.740059846544384, -23.886715196184365], [29.739995866983204, -23.886720200067042], [29.739952214678482, -23.886792462073846], [29.740079609048692, -23.88690514710501], [29.7399259519237, -23.886991927356796], [29.739785349366755, -23.887000228845594], [29.739693393454147, -23.88697385325958], [29.739620576144567, -23.88690849602025], [29.739749407844297, -23.886790279662815], [29.73971590379089, -23.886795707044083], [29.739680575586114, -23.88676445866524], [29.739667932457028, -23.886762751586787], [29.739668217344374, -23.886776270224804], [29.739185133470016, -23.886784876741256], [29.73917706928854, -23.88675121020129], [29.739041886566163, -23.88675543512661]]]}}, {"type": "Feature", "properties": {"Id": 174, "Name": "Parking", "OtherName": "", "Type": "", "Shape_Leng": 31.0121768884, "Shape_Le_1": 31.0121768884, "Shape_Area": 59.5305514017}, "geometry": {"type": "Polygon", "coordinates": [[[29.73880539141962, -23.88742896443604], [29.73879922903947, -23.887370207571674], [29.738882789141957, -23.88736268205752], [29.738884283181307, -23.887433596304632], [29.73880539141962, -23.88742896443604]]]}}, {"type": "Feature", "properties": {"Id": 177, "Name": "Graphics and Printing", "OtherName": "", "Type": "", "Shape_Leng": 163.990088258, "Shape_Le_1": 163.990088258, "Shape_Area": 831.521178654}, "geometry": {"type": "Polygon", "coordinates": [[[29.73920583041732, -23.887969737614327], [29.73924682262116, -23.887967497376586], [29.739248126145217, -23.888029358870938], [29.73919227048388, -23.88802733584095], [29.739191984336486, -23.88801375584979], [29.73908693359555, -23.88801411823393], [29.73909506723731, -23.88816642111218], [29.739081939729218, -23.888166654970316], [29.738873318615404, -23.888159806091984], [29.738872905351755, -23.88814019124599], [29.73887195167834, -23.888094926702376], [29.738852229113004, -23.88809376806133], [29.738851625124806, -23.888065100486333], [29.73876143774897, -23.888069725955436], [29.73876357453351, -23.888015350233818], [29.738799579540267, -23.888010180839675], [29.738802945592052, -23.887936161013666], [29.738935987199607, -23.887939828286186], [29.73893683401261, -23.887902078743316], [29.739000925246298, -23.887905465121264], [29.73900168821773, -23.8879416769336], [29.739075624839, -23.887944887895966], [29.739078557252803, -23.887928232461046], [29.73914895839173, -23.88791943123655], [29.739151648096044, -23.8879691929077], [29.73920583041732, -23.887969737614327]]]}}, {"type": "Feature", "properties": {"Id": 179, "Name": "Onkgopotse Tiro Hall", "OtherName": "", "Type": "", "Shape_Leng": 193.316472731, "Shape_Le_1": 193.316472731, "Shape_Area": 1553.3765235}, "geometry": {"type": "Polygon", "coordinates": [[[29.73971549180238, -23.88753953845797], [29.739703974116463, -23.887538234627872], [29.73970134684769, -23.88749149087486], [29.739732460777105, -23.88748791747649], [29.739723907212536, -23.887471466693977], [29.739713043366606, -23.88742335974568], [29.73970286812454, -23.887329959012735], [29.739708572824117, -23.887289104816958], [29.739712128181235, -23.887224137754263], [29.73972806070928, -23.887201212661356], [29.739755733498612, -23.88719015441073], [29.739763429476387, -23.88716586702191], [29.739746829198207, -23.88715710668579], [29.73970877055868, -23.887142690673933], [29.73971573521222, -23.887083700880968], [29.739735330418505, -23.887078823674443], [29.73976663503235, -23.88708430300082], [29.739775380337097, -23.88710980648865], [29.739922999167238, -23.887104157102456], [29.739922712975023, -23.887090578020207], [29.739938930681078, -23.88708123291178], [29.73997367639719, -23.88709419794557], [29.739976430952012, -23.887146977436682], [29.73994055248668, -23.887158182847642], [29.739940965873167, -23.887177796776346], [29.739957438972652, -23.887180522243348], [29.73999705686678, -23.887268870229256], [29.739986358434326, -23.88746226202602], [29.740011036335606, -23.887464841276213], [29.740017517270438, -23.88753868560732], [29.73994901138681, -23.887559527664898], [29.73991472380466, -23.887646173606395], [29.739864109962134, -23.88765915063774], [29.73979963728467, -23.887637659167307], [29.739785047084087, -23.88756848737541], [29.73971549180238, -23.88753953845797]]]}}, {"type": "Feature", "properties": {"Id": 180, "Name": "Parking", "OtherName": "", "Type": "", "Shape_Leng": 680.534817638, "Shape_Le_1": 680.534817638, "Shape_Area": 2766.99670031}, "geometry": {"type": "MultiPolygon", "coordinates": [[[[29.74006768018713, -23.888681843869797], [29.740053934461805, -23.888727491271375], [29.739669458939915, -23.888729512101936], [29.739644714398725, -23.888701938962516], [29.73965703207833, -23.88868819486817], [29.74006768018713, -23.888681843869797]]], [[[29.74050537715158, -23.88871268271032], [29.740111695109324, -23.88872646191018], [29.740099308827677, -23.888687076344446], [29.740499087500414, -23.88866352860158], [29.74050537715158, -23.88871268271032]]], [[[29.739954220395084, -23.888634174469992], [29.739526140417766, -23.888644893582438], [29.739492633188167, -23.88861828793011], [29.739523780278308, -23.888596712732348], [29.73949685105384, -23.888563189210846], [29.73950912652342, -23.88853947728642], [29.739944495327578, -23.888523682421507], [29.739967261635872, -23.888551097619285], [29.73994951806709, -23.888570579321726], [29.739971885812842, -23.888610984706173], [29.739954220395084, -23.888634174469992]]], [[[29.74066090378137, -23.8885650099755], [29.740640937431014, -23.888614632082135], [29.740101094736097, -23.88862232223823], [29.74011916408642, -23.88858239391417], [29.740117808871236, -23.888567927733984], [29.740098192572923, -23.8885344671473], [29.740107176364152, -23.888512089138178], [29.74064499928991, -23.888508299685043], [29.740637392200313, -23.88854610922834], [29.74066090378137, -23.8885650099755]]], [[[29.740619542045206, -23.888446928352145], [29.739562156481497, -23.88847350055397], [29.73957392469587, -23.888433684553895], [29.739585252563643, -23.88842285707223], [29.739560467396473, -23.888393352290883], [29.739582196306, -23.888377509075063], [29.740629037573797, -23.888349193297454], [29.740644270209994, -23.888374037749283], [29.74062143048379, -23.888387002840226], [29.74064603264271, -23.888407816497825], [29.740619542045206, -23.888446928352145]]]]}}, {"type": "Feature", "properties": {"Id": 191, "Name": "Maths Building", "OtherName": "", "Type": "Computer Labs", "Shape_Leng": 295.201530759, "Shape_Le_1": 295.201530759, "Shape_Area": 2659.13179999}, "geometry": {"type": "Polygon", "coordinates": [[[29.74092085279637, -23.887016942089094], [29.740914708693346, -23.88688120715838], [29.740965449335885, -23.886874264658687], [29.740959985909488, -23.88684870275204], [29.740850744255045, -23.88688385639703], [29.74078957793315, -23.886629860933102], [29.740935109192463, -23.886603116585757], [29.740960500404263, -23.886717377186965], [29.740975331922986, -23.88672013180978], [29.740972514345376, -23.88666433448062], [29.74102827297996, -23.886661831477287], [29.741028395413053, -23.886714285993957], [29.74102446377256, -23.88671472792772], [29.741028477521585, -23.886749371790103], [29.741028395413053, -23.886714285993957], [29.741152199596886, -23.886700375715222], [29.74115089524906, -23.886638514309052], [29.741301827228845, -23.886634313626743], [29.741309695806418, -23.88669605799944], [29.741431186552685, -23.88669691102012], [29.741428655144006, -23.886654693685063], [29.741483091359022, -23.88666730731636], [29.741490273017842, -23.886774345390858], [29.741572668162902, -23.886789479502678], [29.741560554237612, -23.88699346254851], [29.7414242953075, -23.886992872952174], [29.74142458165512, -23.887006452017488], [29.74104906709734, -23.88702522170022], [29.74104878078866, -23.887011642630664], [29.74092085279637, -23.887016942089094]]]}}, {"type": "Feature", "properties": {"Id": 192, "Name": "Biodiversity Lab", "OtherName": "", "Type": "", "Shape_Leng": 167.692226445, "Shape_Le_1": 167.692226445, "Shape_Area": 1547.81101211}, "geometry": {"type": "Polygon", "coordinates": [[[29.74082654241258, -23.886514488828396], [29.740816592967363, -23.88627618360332], [29.740875539069204, -23.886269095793672], [29.74089162935049, -23.886253714854476], [29.740869821202473, -23.886231462388093], [29.74086861244386, -23.88617412732119], [29.7409231120635, -23.886189759949605], [29.74095293401367, -23.886202812539914], [29.740968961632603, -23.886184413704314], [29.74097154386908, -23.8861511613114], [29.741056679855703, -23.886140587580876], [29.74122556573918, -23.88613153981253], [29.7412106728903, -23.886515188382752], [29.74082654241258, -23.886514488828396]]]}}, {"type": "Feature", "properties": {"Id": 195, "Name": "Biochemistry and Microbiology", "OtherName": "", "Type": "", "Shape_Leng": 174.135750723, "Shape_Le_1": 174.135750723, "Shape_Area": 746.469008886}, "geometry": {"type": "Polygon", "coordinates": [[[29.74115663454594, -23.886054280800476], [29.741143748056054, -23.885988096899183], [29.74112689336231, -23.8859672661202], [29.741149674958283, -23.885957803888672], [29.741154871146417, -23.88589280758911], [29.740972603836152, -23.885890019565633], [29.74097044075184, -23.88578742002369], [29.74142323278692, -23.885774820156204], [29.74143049683316, -23.885807897006924], [29.74146325081632, -23.885804294050377], [29.741497805399156, -23.885808206047457], [29.74149995499747, -23.885832317962944], [29.741468905183787, -23.885838909550596], [29.741457769427843, -23.885855711262202], [29.741431387658114, -23.885850143595533], [29.74143536965443, -23.885883278958755], [29.74122217978783, -23.885893117648678], [29.741217893443476, -23.885923381414575], [29.74123802922345, -23.885944153690744], [29.741223579561293, -23.885959505413606], [29.741242074808294, -23.885980306934517], [29.741227625143093, -23.88599565865802], [29.741245929519337, -23.8860074074651], [29.741228261402274, -23.886025834668295], [29.741238774696352, -23.886057344553404], [29.74115663454594, -23.886054280800476]]]}}, {"type": "Feature", "properties": {"Id": 196, "Name": "Q Block", "OtherName": "", "Type": "", "Shape_Leng": 337.47672945, "Shape_Le_1": 337.47672945, "Shape_Area": 2640.9129064}, "geometry": {"type": "Polygon", "coordinates": [[[29.740794413687247, -23.886127330796953], [29.740791129329494, -23.886170860328043], [29.740214744124724, -23.886188860501683], [29.74020197894881, -23.88618136040721], [29.740186951202507, -23.886166172152052], [29.740193467778816, -23.886126449710613], [29.740173432951, -23.886122942047074], [29.740166745071207, -23.886104707103225], [29.740171609676484, -23.88608626629128], [29.740192328009233, -23.886072373373302], [29.740190259821684, -23.885774880462062], [29.74017444586134, -23.8857722642019], [29.74016782004419, -23.885756926217304], [29.740169573792702, -23.88574047318684], [29.740187264574633, -23.885732429455732], [29.740189478947787, -23.88568795416993], [29.740780584336466, -23.885670657602944], [29.74078360012354, -23.885714073938903], [29.74082885984572, -23.88571809673049], [29.740838596591516, -23.885731447788313], [29.74085665278224, -23.88574078586585], [29.740850697696594, -23.885757313784502], [29.74083704551809, -23.885757557126883], [29.74083319116117, -23.885774048503368], [29.740780661799977, -23.885774018173713], [29.74077327876148, -23.885822450269195], [29.74040270848694, -23.885835816726658], [29.74040033668314, -23.8860222982774], [29.74077421993913, -23.88601660031033], [29.740790236523797, -23.886028872813068], [29.740798423195614, -23.886068333191897], [29.740843580283652, -23.886067528291118], [29.740847923237812, -23.88607421273254], [29.740861656894882, -23.88607783262397], [29.740866224759497, -23.886095138695637], [29.740860228959967, -23.886109735898668], [29.740846576744588, -23.886109979245255], [29.74084064201653, -23.88612747342504], [29.740794413687247, -23.886127330796953]]]}}, {"type": "Feature", "properties": {"Id": 197, "Name": "Parking", "OtherName": "", "Type": "", "Shape_Leng": 44.0137376766, "Shape_Le_1": 44.0137376766, "Shape_Area": 88.7773700038}, "geometry": {"type": "Polygon", "coordinates": [[[29.741327413582297, -23.886060681400277], [29.741481191251307, -23.886019608820583], [29.741498932336423, -23.886063805928135], [29.741339183805735, -23.886108694427772], [29.741327413582297, -23.886060681400277]]]}}, {"type": "Feature", "properties": {"Id": 200, "Name": "U Block", "OtherName": "", "Type": "", "Shape_Leng": 274.210861111, "Shape_Le_1": 274.210861111, "Shape_Area": 2272.68939215}, "geometry": {"type": "Polygon", "coordinates": [[[29.740176379214983, -23.885652143631834], [29.740170744893508, -23.885540548863034], [29.7403970924828, -23.885531987138272], [29.740395788565767, -23.88547012568352], [29.74015542346315, -23.885436674685828], [29.740126478119823, -23.885387380910053], [29.74013606986919, -23.885375134859174], [29.740202583261777, -23.885337724213674], [29.740302709191152, -23.885337449889963], [29.740354613785925, -23.88530784658904], [29.74065003799691, -23.885305599656338], [29.740658497067162, -23.88531752401719], [29.74080999916297, -23.885340483929124], [29.74080774839711, -23.885467311508272], [29.74088143008524, -23.885458452022277], [29.740882129870073, -23.885491645916183], [29.74086262939746, -23.88550104961976], [29.74078721272836, -23.885505412866117], [29.740787721630742, -23.885529553143474], [29.74086651580672, -23.885529658655184], [29.740870161254204, -23.885624684719463], [29.74080654731461, -23.885643930831243], [29.740176379214983, -23.885652143631834]]]}}, {"type": "Feature", "properties": {"Id": 201, "Name": "T Block", "OtherName": "", "Type": "Lecture halls", "Shape_Leng": 324.598455474, "Shape_Le_1": 324.598455474, "Shape_Area": 3245.01174763}, "geometry": {"type": "Polygon", "coordinates": [[[29.740961436499735, -23.887447902234307], [29.740962020056877, -23.887110638612466], [29.740992687914428, -23.887105375235794], [29.740998909183677, -23.887157149722345], [29.741214477965666, -23.887162740169284], [29.741240664350908, -23.887188216015943], [29.741283157250013, -23.887135573074502], [29.7413172837698, -23.88717269907118], [29.74127207788469, -23.88721831535615], [29.74130861915157, -23.887248323270075], [29.741302717214836, -23.887333330689113], [29.741323426948732, -23.88734239484492], [29.741317624466745, -23.887432118081126], [29.74136623941521, -23.887426534655305], [29.741372163545794, -23.88746416344346], [29.741308164421206, -23.88747002114854], [29.741309208406932, -23.887519529568802], [29.74135620408517, -23.887558784453468], [29.741364889979096, -23.887605798281076], [29.741314556224506, -23.887651505108067], [29.741330578552063, -23.88792479548859], [29.741292666320355, -23.887951413199602], [29.741334584149396, -23.88799311785561], [29.741296473049015, -23.888010305738096], [29.74126772259683, -23.887984875629396], [29.741219554855576, -23.888011677066597], [29.741037514846443, -23.888014922395836], [29.74103639254576, -23.88808333619613], [29.740982300644013, -23.888072508760526], [29.740994225272466, -23.888029845080997], [29.74098066806929, -23.887751793983686], [29.741019077390483, -23.887748750932538], [29.741012665032496, -23.887444629770958], [29.740961436499735, -23.887447902234307]]]}}, {"type": "Feature", "properties": {"Id": 202, "Name": "Parking", "OtherName": "", "Type": "", "Shape_Leng": 785.272703261, "Shape_Le_1": 785.272703261, "Shape_Area": 2564.18163672}, "geometry": {"type": "MultiPolygon", "coordinates": [[[[29.741798488051625, -23.8878551337649], [29.741647108808817, -23.888096032083173], [29.741603223637018, -23.888082664530838], [29.741757364724755, -23.887851150376793], [29.741811313674916, -23.88761198846373], [29.74184464490465, -23.88761139410491], [29.741798488051625, -23.8878551337649]]], [[[29.74163785426928, -23.8879004491644], [29.74148538088647, -23.888089482391013], [29.741458747776633, -23.888042788573117], [29.741616397650617, -23.887856022319404], [29.741600616664915, -23.887837436051605], [29.741536020759277, -23.88781500347713], [29.741627931896883, -23.887551581292275], [29.74174622065959, -23.88756598140032], [29.74163785426928, -23.8879004491644]]], [[[29.74191613455765, -23.886744582871216], [29.7417642961958, -23.887450096643207], [29.741647029133325, -23.887362567862375], [29.741805686287062, -23.886737118967655], [29.74191613455765, -23.886744582871216]]], [[[29.74204413099949, -23.886732867014967], [29.741895852662463, -23.887485485150055], [29.741833920224718, -23.88746772278511], [29.7419876259274, -23.886729157961486], [29.74204413099949, -23.886732867014967]]], [[[29.74172871916163, -23.88673613302481], [29.74158061637157, -23.887375544647284], [29.74153697905305, -23.887373964356932], [29.741679905629415, -23.886732286711233], [29.74172871916163, -23.88673613302481]]]]}}, {"type": "Feature", "properties": {"Id": 208, "Name": "Stores", "OtherName": "", "Type": "Store room", "Shape_Leng": 251.448318694, "Shape_Le_1": 251.448318694, "Shape_Area": 2203.28227613}, "geometry": {"type": "Polygon", "coordinates": [[[29.7384550597292, -23.889055605732114], [29.739469809451442, -23.888977017013588], [29.73948333192638, -23.88915606996128], [29.738454434703968, -23.889257321920223], [29.7384550597292, -23.889055605732114]]]}}, {"type": "Feature", "properties": {"Id": 214, "Name": "Technical Sevices", "OtherName": "", "Type": "Technical services", "Shape_Leng": 226.874311058, "Shape_Le_1": 226.874311058, "Shape_Area": 1876.44251372}, "geometry": {"type": "Polygon", "coordinates": [[[29.73832906241647, -23.889669688936472], [29.738337440151284, -23.889604545723685], [29.739112159082943, -23.889586263782807], [29.739111629576847, -23.889792460218313], [29.73833414269309, -23.889795103523927], [29.738331044622704, -23.889763782660243], [29.7382191069053, -23.88977250021999], [29.738216794410025, -23.889662723446783], [29.73832906241647, -23.889669688936472]]]}}, {"type": "Feature", "properties": {"Id": 215, "Name": "Transport Section", "OtherName": "", "Type": "Transport services", "Shape_Leng": 1516.2434276, "Shape_Le_1": 1516.2434276, "Shape_Area": 6264.60081794}, "geometry": {"type": "MultiPolygon", "coordinates": [[[[29.73838181158913, -23.89113223262092], [29.738373386664573, -23.891195135655764], [29.73839193571096, -23.89114998223264], [29.73850209903249, -23.89117267300422], [29.7384601944945, -23.891381847473337], [29.73836005976031, -23.891372425965645], [29.738358643756413, -23.891305215276542], [29.73820701163628, -23.891281021972087], [29.738228025489207, -23.891121524690558], [29.73838181158913, -23.89113223262092]]], [[[29.738591431446576, -23.891016440816596], [29.73859364998666, -23.891121736282855], [29.738493515435817, -23.891112313942298], [29.73850582184386, -23.891002277715742], [29.738591431446576, -23.891016440816596]]], [[[29.73840592338716, -23.8910040570904], [29.738373699088175, -23.89109427802985], [29.73823186091987, -23.89107215130464], [29.738249370685818, -23.890977710428096], [29.73840592338716, -23.8910040570904]]], [[[29.738530735915873, -23.89091218696798], [29.738532435173624, -23.890992838704648], [29.738268768301072, -23.890972882010228], [29.73827719329312, -23.890909979878433], [29.738530735915873, -23.89091218696798]]], [[[29.7387652575786, -23.89093714444005], [29.73864610320466, -23.890950472971085], [29.738635459847636, -23.890908080545152], [29.738518269835232, -23.89089896201579], [29.738511272041375, -23.890798233702682], [29.73875478471211, -23.89078717299459], [29.7387652575786, -23.89093714444005]]], [[[29.738311977693872, -23.89070989541824], [29.738180722363495, -23.890958762115595], [29.738099514612944, -23.890922108410326], [29.738255229207823, -23.890677289083122], [29.738311977693872, -23.89070989541824]]], [[[29.738123526351067, -23.890442070655396], [29.738070063844773, -23.890449745829912], [29.738069025623012, -23.89040045923651], [29.73812239371013, -23.890388302808788], [29.738123526351067, -23.890442070655396]]], [[[29.738239724839016, -23.890404142214383], [29.73817403333882, -23.890409795108187], [29.738156127298502, -23.890369772994692], [29.738219100223336, -23.890350721523745], [29.738239724839016, -23.890404142214383]]], [[[29.73834776461659, -23.89032601889699], [29.73838527397128, -23.890486714853598], [29.738407156074253, -23.89048408409147], [29.73845760359852, -23.890680407642197], [29.738319286818847, -23.890709765237208], [29.738250633398536, -23.890343436866498], [29.73834776461659, -23.89032601889699]]], [[[29.73865940422987, -23.890309262062235], [29.73867844327686, -23.890403051925812], [29.73872717358943, -23.890402183887687], [29.73876160446852, -23.89064809858187], [29.738644933929148, -23.890663623863123], [29.738605942810413, -23.89031693739808], [29.73865940422987, -23.890309262062235]]], [[[29.738353327412554, -23.890242995882176], [29.73821941283547, -23.890249863877624], [29.738220338961685, -23.890178129426634], [29.7383395871204, -23.890169282540047], [29.738353327412554, -23.890242995882176]]], [[[29.73887960032744, -23.890117080712706], [29.73890445635738, -23.89025559084696], [29.73895309219718, -23.890250242392153], [29.73901849839573, -23.890809369057273], [29.738884818375265, -23.890827438574945], [29.738823654480356, -23.890122560262064], [29.73887960032744, -23.890117080712706]]], [[[29.738974538568474, -23.890081130690955], [29.738984595863496, -23.890084623070738], [29.739071421793366, -23.89008307626306], [29.73906875682976, -23.890098729622444], [29.73919462171104, -23.890101995471664], [29.739198725312242, -23.890201981952302], [29.739081842421, -23.89019855699813], [29.739083401091452, -23.890225150656587], [29.739031466761976, -23.890224239206667], [29.73903092533532, -23.89019854531147], [29.738972963992715, -23.890195906341486], [29.738974538568474, -23.890081130690955]]], [[[29.73802999455605, -23.890398913317696], [29.737971753693365, -23.890411155587795], [29.737906622214943, -23.890096311258617], [29.737959848622435, -23.89007743346377], [29.73802999455605, -23.890398913317696]]], [[[29.73870136732187, -23.889871486606943], [29.738714682953223, -23.889925037420767], [29.73874626316966, -23.889919991946694], [29.738761278169772, -23.890054195387396], [29.738697927854925, -23.890055323851808], [29.73869873028199, -23.89009340864129], [29.73816480006447, -23.890087230539915], [29.73816295953718, -23.889999858239047], [29.73817507744566, -23.889880860400268], [29.73870136732187, -23.889871486606943]]], [[[29.739327793046964, -23.88983616133407], [29.739345544283633, -23.8900625865575], [29.73911300966531, -23.89006672947411], [29.73911940819683, -23.889991341536764], [29.739261259617802, -23.88999523951267], [29.739267971433545, -23.889839980815957], [29.739327793046964, -23.88983616133407]]], [[[29.737961796575295, -23.88993844667665], [29.737939743270502, -23.89004865647006], [29.737890823316423, -23.890040562653535], [29.737908051125856, -23.889932679812382], [29.7379364400202, -23.88989183324998], [29.737993500896625, -23.889823582077916], [29.73803080329853, -23.889858776769902], [29.737961796575295, -23.88993844667665]]], [[[29.738208079522483, -23.890290406734326], [29.738147166411924, -23.890291491573677], [29.738040124992516, -23.88983843980479], [29.738095740463294, -23.889817279311256], [29.738208079522483, -23.890290406734326]]]]}}, {"type": "Feature", "properties": {"Id": 234, "Name": "Technical Services Parking", "OtherName": "", "Type": "", "Shape_Leng": 41.2523935985, "Shape_Le_1": 41.2523935985, "Shape_Area": 79.5063403346}, "geometry": {"type": "Polygon", "coordinates": [[[29.739281708186194, -23.889686433634484], [29.73933344889194, -23.889678167792074], [29.739347346815222, -23.889816535518886], [29.73929961697475, -23.889825647796453], [29.739281708186194, -23.889686433634484]]]}}, {"type": "Feature", "properties": {"Id": 235, "Name": "House 36", "OtherName": "", "Type": "Residence", "Shape_Leng": 76.8679864591, "Shape_Le_1": 76.8679864591, "Shape_Area": 179.171726257}, "geometry": {"type": "MultiPolygon", "coordinates": [[[[29.73961726334827, -23.889786022653077], [29.739617572800437, -23.88980070513025], [29.73954061098497, -23.88979656824978], [29.739538530058432, -23.889745198259067], [29.73956244281659, -23.889742936402087], [29.73962836874355, -23.88974451535775], [29.739628241173435, -23.889785827041962], [29.73961726334827, -23.889786022653077]]], [[[29.73962724018948, -23.88964355800915], [29.739628980813034, -23.889726144913705], [29.73951712750446, -23.889724466413135], [29.739508915094635, -23.88961904403826], [29.739579773396045, -23.8896177814748], [29.73958229136599, -23.88964252225626], [29.73962724018948, -23.88964355800915]]]]}}, {"type": "Feature", "properties": {"Id": 237, "Name": "House 37", "OtherName": "", "Type": "Residence", "Shape_Leng": 76.501301671, "Shape_Le_1": 76.501301671, "Shape_Area": 203.078091154}, "geometry": {"type": "MultiPolygon", "coordinates": [[[[29.739634009363343, -23.88996473110338], [29.73963603230523, -23.89001334755951], [29.73957008690344, -23.89001085107757], [29.73957414805527, -23.88996671564244], [29.739634009363343, -23.88996473110338]]], [[[29.73966375947147, -23.889860468969516], [29.739672815189323, -23.889958531398353], [29.739503901648348, -23.889949607775826], [29.73952087163611, -23.889854753147215], [29.73966375947147, -23.889860468969516]]]]}}, {"type": "Feature", "properties": {"Id": 240, "Name": "House 39", "OtherName": "", "Type": "Residence", "Shape_Leng": 58.7987389376, "Shape_Le_1": 58.7987389376, "Shape_Area": 182.182122563}, "geometry": {"type": "Polygon", "coordinates": [[[29.739622539071153, -23.89036792922379], [29.739780262520334, -23.890366954429783], [29.73978178265864, -23.890391712983714], [29.739811722584435, -23.890391179447523], [29.739812747735723, -23.89043981457741], [29.739780831339303, -23.890441301222104], [29.739781237520205, -23.890460571405228], [29.739624473179482, -23.89045969334495], [29.739622539071153, -23.89036792922379]]]}}, {"type": "Feature", "properties": {"Id": 241, "Name": "House 38", "OtherName": "", "Type": "Residence", "Shape_Leng": 123.713835423, "Shape_Le_1": 123.713835423, "Shape_Area": 299.634238486}, "geometry": {"type": "MultiPolygon", "coordinates": [[[[29.739700727977688, -23.8902407728579], [29.73970067780482, -23.890285754705452], [29.73960978183511, -23.890283701953905], [29.739610907311942, -23.89024237339224], [29.739601887529773, -23.890240697439094], [29.739549971585443, -23.890240704627153], [29.739548702931746, -23.890227875917354], [29.739550884323343, -23.890189281297037], [29.739751483400486, -23.890185706789804], [29.73975655813158, -23.89023702341947], [29.739663763116717, -23.890239594873623], [29.739700727977688, -23.8902407728579]]], [[[29.739682720963, -23.890096970199227], [29.739677282982274, -23.89017050614876], [29.739516391985408, -23.89016327447471], [29.739516055429487, -23.8900999399746], [29.7395691036222, -23.890106338736068], [29.73957146005459, -23.890076002878814], [29.739610536696254, -23.890082650579057], [29.73960781280167, -23.890095551333307], [29.739682720963, -23.890096970199227]]]]}}, {"type": "Feature", "properties": {"Id": 243, "Name": "House 16", "OtherName": "", "Type": "Residence", "Shape_Leng": 88.6635327483, "Shape_Le_1": 88.6635327483, "Shape_Area": 225.474171003}, "geometry": {"type": "MultiPolygon", "coordinates": [[[[29.740852879868466, -23.894879514214797], [29.74075590071865, -23.894889012371227], [29.740765354311797, -23.894836398891808], [29.740847694191068, -23.89483395969354], [29.740852879868466, -23.894879514214797]]], [[[29.740798368328527, -23.894698870238003], [29.74080515374417, -23.89472011604698], [29.740850557185627, -23.894719306531872], [29.740858490230753, -23.894794919075803], [29.740661016518473, -23.894797468694538], [29.740661551646593, -23.89472267629475], [29.740755464596493, -23.894718088551436], [29.74075830543993, -23.89470249792777], [29.740798368328527, -23.894698870238003]]]]}}, {"type": "Feature", "properties": {"Id": 245, "Name": "House 17", "OtherName": "", "Type": "Residence", "Shape_Leng": 94.7651908457, "Shape_Le_1": 94.7651908457, "Shape_Area": 263.710950347}, "geometry": {"type": "MultiPolygon", "coordinates": [[[[29.74044495118466, -23.894970309980252], [29.740446118153717, -23.895025648426127], [29.740356324910564, -23.89502530597559], [29.74035946319388, -23.89497377622452], [29.74044495118466, -23.894970309980252]]], [[[29.740438001056596, -23.89494129800288], [29.740262741361732, -23.894945393386838], [29.740257547197952, -23.894849336307935], [29.740359970270173, -23.894847510507258], [29.74035917185706, -23.894809647736395], [29.740401407866894, -23.89480889481565], [29.74040746495589, -23.894845692704823], [29.740437071014348, -23.894847107194867], [29.740438001056596, -23.89494129800288]]]]}}, {"type": "Feature", "properties": {"Id": 247, "Name": "House 18", "OtherName": "", "Type": "Residence", "Shape_Leng": 72.7712445816, "Shape_Le_1": 72.7712445816, "Shape_Area": 239.966782862}, "geometry": {"type": "Polygon", "coordinates": [[[29.739793966325287, -23.89510622816906], [29.73979331135298, -23.895075161682847], [29.739679253444056, -23.89507622243744], [29.739678446753807, -23.894987857106898], [29.739791551089528, -23.894991669034372], [29.73979178819829, -23.894952816657064], [29.739866819296434, -23.894954392785746], [29.73986895657768, -23.89510586274608], [29.739793966325287, -23.89510622816906]]]}}, {"type": "Feature", "properties": {"Id": 248, "Name": "House 19", "OtherName": "", "Type": "Commercial", "Shape_Leng": 98.1632453408, "Shape_Le_1": 98.1632453408, "Shape_Area": 301.9235756}, "geometry": {"type": "MultiPolygon", "coordinates": [[[[29.739362019503726, -23.895294812862367], [29.739269627374874, -23.895296459276313], [29.73927678963086, -23.895244736870627], [29.73936588175968, -23.89524314926158], [29.739362019503726, -23.895294812862367]]], [[[29.73934091607061, -23.895076667912043], [29.73934330102216, -23.89511152855749], [29.73938121611335, -23.8951093348313], [29.739376950495995, -23.89522018897702], [29.739195339392555, -23.895217355614626], [29.73919633619224, -23.895108076884565], [29.73929193222752, -23.895101821004975], [29.73929142061579, -23.895077549907686], [29.73934091607061, -23.895076667912043]]]]}}, {"type": "Feature", "properties": {"Id": 250, "Name": "House 20", "OtherName": "", "Type": "Residence", "Shape_Leng": 104.808356075, "Shape_Le_1": 104.808356075, "Shape_Area": 286.544622651}, "geometry": {"type": "MultiPolygon", "coordinates": [[[[29.739384499417135, -23.894623066450478], [29.73938653755403, -23.894669648285895], [29.73924711772297, -23.894670190405527], [29.739250481558802, -23.894629340027784], [29.739384499417135, -23.894623066450478]]], [[[29.73934717070189, -23.894455713313953], [29.739351860858726, -23.89457800194645], [29.73925898224986, -23.89458159925848], [29.739261576746983, -23.894554359401962], [29.7391548700865, -23.894553346467475], [29.739158430342794, -23.894471702149367], [29.73927039656042, -23.894471649326892], [29.739266922134288, -23.894457143288964], [29.73934717070189, -23.894455713313953]]]]}}, {"type": "Feature", "properties": {"Id": 252, "Name": "House 21", "OtherName": "", "Type": "Residence", "Shape_Leng": 84.3071818272, "Shape_Le_1": 84.3071818272, "Shape_Area": 385.32932726}, "geometry": {"type": "Polygon", "coordinates": [[[29.738649097661916, -23.894105425191334], [29.738638483518493, -23.894107012320095], [29.738639001833228, -23.894059453484385], [29.738613065429533, -23.894055719607795], [29.73861634850832, -23.89392280039633], [29.73862547115512, -23.893922637880472], [29.73862336200627, -23.89389470472754], [29.738787662878707, -23.893895972715402], [29.73879300178092, -23.894004963512227], [29.73877010628939, -23.894001176388212], [29.738779977540354, -23.89410868749607], [29.738649097661916, -23.894105425191334]]]}}, {"type": "Feature", "properties": {"Id": 253, "Name": "House 22", "OtherName": "", "Type": "Residence", "Shape_Leng": 109.042731654, "Shape_Le_1": 109.042731654, "Shape_Area": 306.405436225}, "geometry": {"type": "MultiPolygon", "coordinates": [[[[29.73924228972908, -23.893887872582958], [29.739251012154437, -23.893940861613263], [29.739080599056383, -23.893938304089584], [29.739079626719743, -23.893892169862777], [29.739148048979196, -23.893890950732427], [29.73924228972908, -23.893887872582958]]], [[[29.73924515964146, -23.89373538099252], [29.739248861093788, -23.893838806961714], [29.739238247002625, -23.89384039503153], [29.739151549045665, -23.893840540894864], [29.739139090885573, -23.893826777965348], [29.739052511766666, -23.89383251561804], [29.739049635481962, -23.893768234480227], [29.739086185920787, -23.893770380229018], [29.739085301990386, -23.893728440350213], [29.73924515964146, -23.89373538099252]]]]}}, {"type": "Feature", "properties": {"Id": 255, "Name": "House 23", "OtherName": "", "Type": "Residence", "Shape_Leng": 127.051977096, "Shape_Le_1": 127.051977096, "Shape_Area": 385.598551873}, "geometry": {"type": "MultiPolygon", "coordinates": [[[[29.739654252676292, -23.89374353082232], [29.739654600558577, -23.89380617915883], [29.739520159492255, -23.893801415129555], [29.739521796176195, -23.89374052116531], [29.739654252676292, -23.89374353082232]]], [[[29.739643582707217, -23.893606776314268], [29.7396530832808, -23.89368805790206], [29.73939724957938, -23.89369709264976], [29.739399388248, -23.893613813886958], [29.739540583357016, -23.893615772611728], [29.739541767410913, -23.89353340618738], [29.73961375899272, -23.89353122793398], [29.739618262506983, -23.893606333124207], [29.739643582707217, -23.893606776314268]]]]}}, {"type": "Feature", "properties": {"Id": 257, "Name": "House 24", "OtherName": "", "Type": "Residence", "Shape_Leng": 114.600620698, "Shape_Le_1": 114.600620698, "Shape_Area": 297.59664686}, "geometry": {"type": "MultiPolygon", "coordinates": [[[[29.740037869352665, -23.89365434854097], [29.739858835869814, -23.89365843478609], [29.739862532356074, -23.893602874248824], [29.740030993451064, -23.89360524279783], [29.74003661397711, -23.89364094468914], [29.740037869352665, -23.89365434854097]]], [[[29.740040995176813, -23.893433212251082], [29.74003770338718, -23.89355410426116], [29.739944303073848, -23.89355666428271], [29.739938325153453, -23.893503962139622], [29.739837981047916, -23.893500380399104], [29.739839731743682, -23.89344485453946], [29.73995861998527, -23.893450791738633], [29.739958280445684, -23.89343468649709], [29.740040995176813, -23.893433212251082]]]]}}, {"type": "Feature", "properties": {"Id": 259, "Name": "House 25", "OtherName": "", "Type": "Residence", "Shape_Leng": 105.360367584, "Shape_Le_1": 105.360367584, "Shape_Area": 283.912870425}, "geometry": {"type": "MultiPolygon", "coordinates": [[[[29.74011545704386, -23.893217643055014], [29.740115969789784, -23.893271480523605], [29.739971385599343, -23.893269475303022], [29.739978528094372, -23.893224093598818], [29.74011545704386, -23.893217643055014]]], [[[29.740092988058116, -23.89306795878508], [29.740095496196894, -23.893098274719904], [29.740125377578646, -23.893097169908245], [29.74013142743221, -23.89317725932454], [29.740022487495, -23.893181492584734], [29.740019610793663, -23.89316321321094], [29.739923005969942, -23.893161497205103], [29.73992338197549, -23.893120246096597], [29.739956462309234, -23.89312309339942], [29.73996217854023, -23.89306914490687], [29.740092988058116, -23.89306795878508]]]]}}, {"type": "Feature", "properties": {"Id": 261, "Name": "House 26", "OtherName": "", "Type": "Residence", "Shape_Leng": 137.62813433, "Shape_Le_1": 137.62813433, "Shape_Area": 405.863581963}, "geometry": {"type": "MultiPolygon", "coordinates": [[[[29.739958771300962, -23.892818874519506], [29.73996225257002, -23.892865785321547], [29.73982273602572, -23.89286769870423], [29.73982545858233, -23.892819532005163], [29.739958771300962, -23.892818874519506]]], [[[29.73992109168244, -23.892597857141627], [29.739920961741852, -23.892680348275952], [29.74002309857655, -23.89267852792652], [29.74002735890212, -23.89273287172282], [29.74000610496532, -23.892759028059828], [29.73988893638628, -23.892757106302945], [29.7397032618076, -23.892756406215753], [29.73970734569347, -23.892684155261424], [29.739857413357484, -23.892680334612923], [29.7398591627502, -23.89261557305045], [29.739856884041316, -23.892596136782966], [29.73992109168244, -23.892597857141627]]]]}}, {"type": "Feature", "properties": {"Id": 263, "Name": "House 14", "OtherName": "", "Type": "Residence", "Shape_Leng": 111.740367496, "Shape_Le_1": 111.740367496, "Shape_Area": 345.565153558}, "geometry": {"type": "MultiPolygon", "coordinates": [[[[29.740769667601857, -23.89428843364017], [29.740768797336646, -23.89433946717014], [29.74061689612923, -23.894337700502554], [29.74062368131519, -23.894290141002585], [29.740769667601857, -23.89428843364017]]], [[[29.74077963056786, -23.894114614074333], [29.740776603691916, -23.894248032218485], [29.740678281297992, -23.894247994510984], [29.740673766031897, -23.894218538405312], [29.740574621206463, -23.894225676064313], [29.740568709729978, -23.894130009956964], [29.74077963056786, -23.894114614074333]]]]}}, {"type": "Feature", "properties": {"Id": 265, "Name": "House 15", "OtherName": "", "Type": "Residence", "Shape_Leng": 115.762970008, "Shape_Le_1": 115.762970008, "Shape_Area": 357.017943314}, "geometry": {"type": "MultiPolygon", "coordinates": [[[[29.74131956147747, -23.894328752312145], [29.74116876581801, -23.89433323102203], [29.74116497848175, -23.894292125482895], [29.74131583071117, -23.894290330834263], [29.74131956147747, -23.894328752312145]]], [[[29.741303297498494, -23.89411154231734], [29.741307980876154, -23.894241242556905], [29.741070465297817, -23.894241897422262], [29.741070580581106, -23.89415507441181], [29.741187317003234, -23.894151203141035], [29.741186524369855, -23.89411362458695], [29.741303297498494, -23.89411154231734]]]]}}, {"type": "Feature", "properties": {"Id": 267, "Name": "House 12", "OtherName": "", "Type": "Residence", "Shape_Leng": 104.014882554, "Shape_Le_1": 104.014882554, "Shape_Area": 308.146933785}, "geometry": {"type": "MultiPolygon", "coordinates": [[[[29.741456091311672, -23.89392124769737], [29.74134342640437, -23.89392612148053], [29.7413435251044, -23.893871700039362], [29.741453698587332, -23.893866870689095], [29.741456091311672, -23.89392124769737]]], [[[29.741418239550637, -23.893692214002826], [29.741422151228463, -23.893729951736663], [29.741457637573063, -23.8937287467038], [29.741457236870907, -23.893827854776834], [29.741271131099303, -23.89383632880494], [29.74126941000442, -23.89372522857238], [29.741372902445153, -23.89372853931522], [29.741372776633604, -23.893693024720196], [29.741418239550637, -23.893692214002826]]]]}}, {"type": "Feature", "properties": {"Id": 269, "Name": "House 13", "OtherName": "", "Type": "Residence", "Shape_Leng": 96.2191326623, "Shape_Le_1": 96.2191326623, "Shape_Area": 282.521449371}, "geometry": {"type": "MultiPolygon", "coordinates": [[[[29.740935678793715, -23.893941984216568], [29.740845423165737, -23.893945884970787], [29.740848048699586, -23.893893136904452], [29.74093465225426, -23.89389331126211], [29.740935678793715, -23.893941984216568]]], [[[29.74092735300229, -23.893724453885145], [29.740925537929282, -23.893756565310422], [29.74095921736829, -23.893758256375158], [29.740960659448245, -23.893856186291913], [29.74077554611065, -23.893852612040522], [29.740770977641485, -23.893754165638576], [29.740860072484445, -23.893754295629318], [29.740857612449453, -23.893726270420544], [29.74092735300229, -23.893724453885145]]]]}}, {"type": "Feature", "properties": {"Id": 271, "Name": "House 11", "OtherName": "", "Type": "Residence", "Shape_Leng": 76.0080737343, "Shape_Le_1": 76.0080737343, "Shape_Area": 165.075432599}, "geometry": {"type": "MultiPolygon", "coordinates": [[[[29.74172043230936, -23.893254913339792], [29.741680365123926, -23.893374502620187], [29.741605094792284, -23.893339483371484], [29.7416592887632, -23.89324061995504], [29.74172043230936, -23.893254913339792]]], [[[29.74165418250828, -23.893142813186135], [29.74163547814067, -23.89319349416267], [29.741529975313345, -23.89316740495804], [29.741541048591866, -23.89311546204009], [29.74165418250828, -23.893142813186135]]]]}}, {"type": "Feature", "properties": {"Id": 273, "Name": "House 10", "OtherName": "", "Type": "Residence", "Shape_Leng": 86.7336112829, "Shape_Le_1": 86.7336112829, "Shape_Area": 232.823326343}, "geometry": {"type": "MultiPolygon", "coordinates": [[[[29.7416941316881, -23.893017631159672], [29.741661342771952, -23.89312170770583], [29.74154496058364, -23.893084623713822], [29.74158558814714, -23.89299159621146], [29.7416941316881, -23.893017631159672]]], [[[29.74184356708525, -23.892963220607875], [29.741796947479312, -23.893060550949123], [29.741718754424237, -23.8930311778256], [29.74177309466745, -23.89293930376597], [29.74184356708525, -23.892963220607875]]]]}}, {"type": "Feature", "properties": {"Id": 275, "Name": "House 9", "OtherName": "", "Type": "Residence", "Shape_Leng": 103.423058019, "Shape_Le_1": 103.423058019, "Shape_Area": 290.941550149}, "geometry": {"type": "MultiPolygon", "coordinates": [[[[29.741791743089525, -23.89274177748252], [29.741771371419294, -23.892785495309496], [29.74163513506392, -23.892744570435436], [29.74165553627644, -23.89270225103689], [29.741791743089525, -23.89274177748252]]], [[[29.741849406240192, -23.892591105807433], [29.741795420088515, -23.89269975633652], [29.741718806172784, -23.892673152010634], [29.741728918771265, -23.892647797958794], [29.741637159655923, -23.89262426066646], [29.741674805179997, -23.89253408330945], [29.741849406240192, -23.892591105807433]]]]}}, {"type": "Feature", "properties": {"Id": 277, "Name": "House 43", "OtherName": "", "Type": "Residence", "Shape_Leng": 128.885795249, "Shape_Le_1": 128.885795249, "Shape_Area": 367.31081404}, "geometry": {"type": "MultiPolygon", "coordinates": [[[[29.7391273755868, -23.89266740264321], [29.73912663181229, -23.892720512522356], [29.738980059748897, -23.89271912748931], [29.738983346250958, -23.892668827049704], [29.7391273755868, -23.89266740264321]]], [[[29.73908381333286, -23.892486050946037], [29.73908382297324, -23.892545428203398], [29.739132859236086, -23.89254455452669], [29.739132071686438, -23.892625070013676], [29.739094160604445, -23.892623461139117], [29.739091237378627, -23.8926320774563], [29.73896087597868, -23.892633829628128], [29.738962413621053, -23.89261838679091], [29.738861857514323, -23.892620178269837], [29.738867814743692, -23.892549276625292], [29.739016273062653, -23.892551769891128], [29.739016740244203, -23.89248553292894], [29.73908381333286, -23.892486050946037]]]]}}, {"type": "Feature", "properties": {"Id": 279, "Name": "House 42", "OtherName": "", "Type": "Residence", "Shape_Leng": 106.632314939, "Shape_Le_1": 106.632314939, "Shape_Area": 301.406604191}, "geometry": {"type": "MultiPolygon", "coordinates": [[[[29.73901529321354, -23.892240057860537], [29.739018810088936, -23.89228909537345], [29.738863583800832, -23.89228957740622], [29.738873173839288, -23.892243731535874], [29.73901529321354, -23.892240057860537]]], [[[29.739022127957966, -23.892063517721432], [29.739022183211446, -23.892183983729048], [29.738932692506786, -23.892180439905815], [29.738932103176325, -23.892152474263302], [29.738820279892728, -23.892149899548986], [29.738830341511168, -23.892067505802007], [29.739022127957966, -23.892063517721432]]]]}}, {"type": "Feature", "properties": {"Id": 281, "Name": "House 41", "OtherName": "", "Type": "Residence", "Shape_Leng": 98.0625714207, "Shape_Le_1": 98.0625714207, "Shape_Area": 260.160581224}, "geometry": {"type": "MultiPolygon", "coordinates": [[[[29.739058820372662, -23.891830495154984], [29.739057348139596, -23.891878478935713], [29.738923775622894, -23.891875150050232], [29.73892651319317, -23.891828284539766], [29.739058820372662, -23.891830495154984]]], [[[29.739071628055626, -23.891672117883207], [29.739075161247808, -23.89175141468226], [29.739073720824774, -23.89177142356076], [29.738920201180655, -23.8917644526811], [29.738919050881147, -23.89173935177618], [29.738909095806424, -23.89173838741052], [29.7388811761593, -23.891739456112166], [29.738882540189834, -23.891686334269632], [29.73891365967285, -23.89168977633597], [29.738913298883375, -23.891672655193933], [29.739071628055626, -23.891672117883207]]]]}}, {"type": "Feature", "properties": {"Id": 283, "Name": "House 27", "OtherName": "", "Type": "Residence", "Shape_Leng": 49.6171259313, "Shape_Le_1": 49.6171259313, "Shape_Area": 142.025341138}, "geometry": {"type": "Polygon", "coordinates": [[[29.739906020021387, -23.89184166111782], [29.740057496849513, -23.8918401031776], [29.74006419542943, -23.89192219823543], [29.73990522187017, -23.891921606360714], [29.739906020021387, -23.89184166111782]]]}}, {"type": "Feature", "properties": {"Id": 284, "Name": "House 28", "OtherName": "", "Type": "Residence", "Shape_Leng": 48.8420230017, "Shape_Le_1": 48.8420230017, "Shape_Area": 140.8260372}, "geometry": {"type": "Polygon", "coordinates": [[[29.739878116904247, -23.891872989269185], [29.739727737889904, -23.891867676266312], [29.739732808864773, -23.891784229720454], [29.739878186664658, -23.891787918828125], [29.739878116904247, -23.891872989269185]]]}}, {"type": "Feature", "properties": {"Id": 285, "Name": "House 29", "OtherName": "", "Type": "Residence", "Shape_Leng": 50.437471021, "Shape_Le_1": 50.437471021, "Shape_Area": 146.350338153}, "geometry": {"type": "Polygon", "coordinates": [[[29.739640268357846, -23.891812712331095], [29.739547626172364, -23.891806940671668], [29.739550932116163, -23.891728093346114], [29.739711875153134, -23.891733789589715], [29.73971042064335, -23.89181203351087], [29.739640268357846, -23.891812712331095]]]}}, {"type": "Feature", "properties": {"Id": 286, "Name": "House 44", "OtherName": "", "Type": "Residence", "Shape_Leng": 81.5634177192, "Shape_Le_1": 81.5634177192, "Shape_Area": 262.115208372}, "geometry": {"type": "Polygon", "coordinates": [[[29.739810567650586, -23.891437429905945], [29.739812756944836, -23.891393999323764], [29.739898510319474, -23.891397038868842], [29.739899958498597, -23.891495213359807], [29.739878198037133, -23.891493888135894], [29.739879752086058, -23.89150870456708], [29.739621429969244, -23.891508169831507], [29.73962670651002, -23.89143442556908], [29.739810567650586, -23.891437429905945]]]}}, {"type": "Feature", "properties": {"Id": 287, "Name": "House 31", "OtherName": "", "Type": "Residence", "Shape_Leng": 55.3883135708, "Shape_Le_1": 55.3883135708, "Shape_Area": 156.171983288}, "geometry": {"type": "Polygon", "coordinates": [[[29.73972813093325, -23.891061512271627], [29.739873996709022, -23.891058912851836], [29.739873377953526, -23.89114741823423], [29.739821166462796, -23.891144923542775], [29.739821159860977, -23.891174040605552], [29.739773305240092, -23.891172038662738], [29.739773981081793, -23.891145193107256], [29.73972746494638, -23.891147735068028], [29.73972813093325, -23.891061512271627]]]}}, {"type": "Feature", "properties": {"Id": 288, "Name": "House 30", "OtherName": "", "Type": "Residence", "Shape_Leng": 52.5487538951, "Shape_Le_1": 52.5487538951, "Shape_Area": 164.23531165}, "geometry": {"type": "Polygon", "coordinates": [[[29.73955559666804, -23.89112453459113], [29.739707681798084, -23.891122395810864], [29.739709642640033, -23.89121542210033], [29.7395482345382, -23.891217156610125], [29.73955559666804, -23.89112453459113]]]}}, {"type": "Feature", "properties": {"Id": 289, "Name": "House 8", "OtherName": "", "Type": "Residence", "Shape_Leng": 135.16215347, "Shape_Le_1": 135.16215347, "Shape_Area": 455.083648661}, "geometry": {"type": "MultiPolygon", "coordinates": [[[[29.7419136061285, -23.891954360036475], [29.741912488971426, -23.892002327506063], [29.74189861826508, -23.892000618177168], [29.74189971193662, -23.89205246054184], [29.741771926244017, -23.89204886849221], [29.741775067564703, -23.891995971337824], [29.74176653575223, -23.891995145138434], [29.741774221552287, -23.891955866624272], [29.7419136061285, -23.891954360036475]]], [[[29.74200848474573, -23.891911568802833], [29.7418542897033, -23.89191725483869], [29.741683929589406, -23.891913443637126], [29.741686493196045, -23.89183315740929], [29.742008817687665, -23.891826430591596], [29.74200848474573, -23.891911568802833]]]]}}, {"type": "Feature", "properties": {"Id": 292, "Name": "House 6", "OtherName": "", "Type": "Residence", "Shape_Leng": 87.2567685232, "Shape_Le_1": 87.2567685232, "Shape_Area": 237.773206308}, "geometry": {"type": "MultiPolygon", "coordinates": [[[[29.741533727862198, -23.8915595051639], [29.741503796462037, -23.89156129163228], [29.74149851566379, -23.891536961200288], [29.741486901521984, -23.891535290112202], [29.741482625169066, -23.891494032638356], [29.741532314963425, -23.891492520206167], [29.741539446282978, -23.89153998950784], [29.74153263755633, -23.891540110922424], [29.741533727862198, -23.8915595051639]]], [[[29.74153524721735, -23.891340913019643], [29.74153890674851, -23.891449817106142], [29.741448471249228, -23.89145706611738], [29.74144348096825, -23.89144650871277], [29.741443296117943, -23.89143774471289], [29.741352100409948, -23.891441249036347], [29.74135081965181, -23.891380524454494], [29.741371245809685, -23.891380160236256], [29.741388240724003, -23.89137860537213], [29.74138815586037, -23.89134228316589], [29.74153524721735, -23.891340913019643]]]]}}, {"type": "Feature", "properties": {"Id": 294, "Name": "House 7", "OtherName": "", "Type": "Residence", "Shape_Leng": 101.458008591, "Shape_Le_1": 101.458008591, "Shape_Area": 245.105614991}, "geometry": {"type": "MultiPolygon", "coordinates": [[[[29.74109976270846, -23.890909043220407], [29.741099628567408, -23.89096728758441], [29.74096524860938, -23.89095778426906], [29.740970293806914, -23.890906340550877], [29.74109976270846, -23.890909043220407]]], [[[29.741105518471162, -23.890729829227883], [29.741099843053824, -23.890848294357095], [29.741021532331224, -23.890849064172123], [29.741025136367938, -23.89079388886235], [29.74092701356924, -23.890791880021172], [29.74092876605258, -23.890778071464855], [29.740932019191483, -23.890738558817052], [29.740938841083064, -23.890739063562062], [29.741030809712523, -23.89073992938897], [29.741029864706057, -23.890727420750913], [29.741105518471162, -23.890729829227883]]]]}}, {"type": "Feature", "properties": {"Id": 296, "Name": "Block 4", "OtherName": "Stellenbosch", "Type": "Residence", "Shape_Leng": 160.988046459, "Shape_Le_1": 160.988046459, "Shape_Area": 604.643994963}, "geometry": {"type": "Polygon", "coordinates": [[[29.740590296499036, -23.890721518433853], [29.740347193622366, -23.890750315117558], [29.740342566853172, -23.890732783557063], [29.74011210582524, -23.89075548350214], [29.740113136869333, -23.890804391985295], [29.740082265665507, -23.890803963828084], [29.740077580438665, -23.8906827085361], [29.74011227511628, -23.89066251945231], [29.740148527352645, -23.890665787674205], [29.740175061480752, -23.890662379692966], [29.74020599548337, -23.89066574178457], [29.740205686161403, -23.890651069240544], [29.74024574027602, -23.890632742222863], [29.74027779978799, -23.89063902021241], [29.740313681790735, -23.890624680965797], [29.740342446300335, -23.890626125888115], [29.740344541067635, -23.890675015404316], [29.74038148671359, -23.890660657183375], [29.74042187174796, -23.890657980634735], [29.74044828210731, -23.890648702868877], [29.740479050149897, -23.89064424010888], [29.740513765365606, -23.890625028929843], [29.740545804262364, -23.890630328873538], [29.74057861807926, -23.89062191620198], [29.74061159687559, -23.890621328336653], [29.740627353100535, -23.890762934419083], [29.740595520413933, -23.89076741618845], [29.740590296499036, -23.890721518433853]]]}}, {"type": "Feature", "properties": {"Id": 297, "Name": "Block 4 Parking", "OtherName": "", "Type": "Residence", "Shape_Leng": 34.6792897646, "Shape_Le_1": 34.6792897646, "Shape_Area": 64.8393103161}, "geometry": {"type": "Polygon", "coordinates": [[[29.74039947875549, -23.89095878937656], [29.74051525203753, -23.89094791872265], [29.740522624836167, -23.890994756532002], [29.7404069349923, -23.891009540035682], [29.74039947875549, -23.89095878937656]]]}}, {"type": "Feature", "properties": {"Id": 298, "Name": "Block 3 Parking", "OtherName": "", "Type": "Residence", "Shape_Leng": 194.36642438, "Shape_Le_1": 194.36642438, "Shape_Area": 454.542840081}, "geometry": {"type": "MultiPolygon", "coordinates": [[[[29.740267851367488, -23.890480667655858], [29.74016151560701, -23.890489729972234], [29.740136982126444, -23.890435220399958], [29.740258801848213, -23.890421104067215], [29.740267851367488, -23.890480667655858]]], [[[29.740599595138786, -23.89044130808255], [29.74033502740138, -23.890462747121035], [29.740333819075076, -23.89040543281057], [29.74058784650445, -23.890377014575137], [29.740599595138786, -23.89044130808255]]], [[[29.740957310506435, -23.89040148569437], [29.740775855095674, -23.890421443750807], [29.740759364991455, -23.890378735160475], [29.740948158985905, -23.890337145926317], [29.740957310506435, -23.89040148569437]]], [[[29.74128370708718, -23.89035505381116], [29.741141009622428, -23.890364765115557], [29.741137455457167, -23.890319436909095], [29.741277303787495, -23.890297832163707], [29.74128370708718, -23.89035505381116]]]]}}, {"type": "Feature", "properties": {"Id": 302, "Name": "Block 3", "OtherName": "Stellenbosch", "Type": "Residence", "Shape_Leng": 272.730423081, "Shape_Le_1": 272.730423081, "Shape_Area": 1155.30908064}, "geometry": {"type": "Polygon", "coordinates": [[[29.74107658415752, -23.890314586143692], [29.740982904345653, -23.89031332031611], [29.74098321375037, -23.8903279928512], [29.740966110082702, -23.89032438434806], [29.740961504857545, -23.89030783078268], [29.74073617833415, -23.890321633054526], [29.740742673142215, -23.890377293516693], [29.740706502509767, -23.890377938303804], [29.740696858058996, -23.890324291600027], [29.740552382793663, -23.890336652325196], [29.740550906678955, -23.890317107897488], [29.74028106425878, -23.890339530754236], [29.740272669204522, -23.890294667854267], [29.740168598461825, -23.89030532971523], [29.740175868952225, -23.89034727669359], [29.740148126928787, -23.890343857701204], [29.740144690932024, -23.89023138716012], [29.74017957107586, -23.890220001779625], [29.74021582318744, -23.89022326999691], [29.740244423592443, -23.89021688830826], [29.740285953644783, -23.890218105726586], [29.74028953735921, -23.890236634238956], [29.740320244422428, -23.890229236631896], [29.740353285000438, -23.890231583700505], [29.740389227778834, -23.8902201793335], [29.740417931284334, -23.89021868846081], [29.740419489870913, -23.8902421457503], [29.740455413006742, -23.890229763361578], [29.740493813999905, -23.890233971566317], [29.740524499445613, -23.890225595948067], [29.740557436903206, -23.89022305212563], [29.740557045049563, -23.89020446672717], [29.740585439207248, -23.89018830418558], [29.740633683021986, -23.89020505824616], [29.740665349586035, -23.890192750783612], [29.740700539032357, -23.890196037828765], [29.740703099425875, -23.890216541281724], [29.740729447810047, -23.89020432951068], [29.740765907131674, -23.890217378369602], [29.740793257282675, -23.89020221366103], [29.740825357944008, -23.890210447521273], [29.740832297663847, -23.89023674484405], [29.74086304594786, -23.890231304010833], [29.740901385057246, -23.890232577244266], [29.74093520049664, -23.890221210677474], [29.740970493084898, -23.890229388504586], [29.741008399027084, -23.890210120342626], [29.741035220810076, -23.890220405884588], [29.741066805817145, -23.890204186370866], [29.74110635394061, -23.89021228829701], [29.741116915187238, -23.89035985795826], [29.7410861050175, -23.890362364878605], [29.74107658415752, -23.890314586143692]]]}}, {"type": "Feature", "properties": {"Id": 303, "Name": "House 5", "OtherName": "", "Type": "Residence", "Shape_Leng": 95.6758892004, "Shape_Le_1": 95.6758892004, "Shape_Area": 258.907163101}, "geometry": {"type": "MultiPolygon", "coordinates": [[[[29.741921983184113, -23.89105223265544], [29.74192020067195, -23.89109997643139], [29.741789190328497, -23.89109205277436], [29.74178796508119, -23.891047183982312], [29.741921983184113, -23.89105223265544]]], [[[29.741941884646792, -23.890897968120374], [29.741945069262503, -23.891009239892846], [29.7418333115588, -23.891001484644622], [29.741834037764637, -23.890983002973428], [29.741770415758168, -23.89098234152527], [29.741777024727742, -23.890898855842504], [29.741941884646792, -23.890897968120374]]]]}}, {"type": "Feature", "properties": {"Id": 305, "Name": "House 4", "OtherName": "", "Type": "Residence", "Shape_Leng": 101.229445191, "Shape_Le_1": 101.229445191, "Shape_Area": 281.445617525}, "geometry": {"type": "MultiPolygon", "coordinates": [[[[29.74194930185688, -23.890569099311058], [29.74194630501341, -23.890628843284418], [29.741800312088888, -23.890619704831437], [29.741806623718674, -23.890565772779127], [29.74194930185688, -23.890569099311058]]], [[[29.741954818039666, -23.890527902774778], [29.741856966100418, -23.890530626225985], [29.74185837119975, -23.890496352399442], [29.74178915994857, -23.890494651610137], [29.741793747688686, -23.890409437500228], [29.74196109962886, -23.89042210937989], [29.741954818039666, -23.890527902774778]]]]}}, {"type": "Feature", "properties": {"Id": 307, "Name": "AquaCulture", "OtherName": "", "Type": "", "Shape_Leng": 1371.8554293, "Shape_Le_1": 1371.8554293, "Shape_Area": 5380.55500304}, "geometry": {"type": "MultiPolygon", "coordinates": [[[[29.743271715104544, -23.891726712123738], [29.743193239369567, -23.89194789927294], [29.743104427820313, -23.89192559456297], [29.743183054892206, -23.891711570927075], [29.743271715104544, -23.891726712123738]]], [[[29.7431528726613, -23.891635661500374], [29.74304453948322, -23.8919194960354], [29.74296082275163, -23.891892321378606], [29.743056420627916, -23.89162066015484], [29.7431528726613, -23.891635661500374]]], [[[29.74256195921946, -23.891511262185926], [29.74252157263277, -23.891614728887493], [29.742387663269845, -23.891573083480385], [29.74238060888915, -23.891591801676217], [29.742299096445972, -23.891561941961672], [29.74229132924319, -23.891597307618248], [29.742306242940597, -23.89159802085754], [29.742212662175724, -23.891803224081514], [29.742106599209965, -23.891769888749607], [29.7421196650673, -23.891733450235787], [29.74204981440292, -23.891701425679145], [29.74211338979864, -23.891536877511342], [29.74219267070963, -23.891561883549432], [29.74220594388212, -23.891535226692508], [29.742035431401494, -23.891473684756033], [29.742087861814014, -23.891335754585235], [29.74243933926201, -23.89144984470976], [29.74243983460285, -23.891473320914166], [29.74256195921946, -23.891511262185926]]], [[[29.743439736906993, -23.891193357184534], [29.743395606681254, -23.891318372250538], [29.743225575687596, -23.891264070473156], [29.743252179255492, -23.891170424626864], [29.743439736906993, -23.891193357184534]]], [[[29.743207073641404, -23.89116705158319], [29.743175725684033, -23.891244915398268], [29.74311050126307, -23.891230422778165], [29.743136302975795, -23.891141894222493], [29.743207073641404, -23.89116705158319]]], [[[29.743017638880197, -23.891116612975615], [29.74299964634331, -23.891171731800572], [29.742952486214033, -23.891155937555894], [29.742930258722637, -23.8912121102868], [29.742965550681983, -23.891220287635935], [29.74292826407902, -23.89126890129789], [29.742842640694164, -23.891245965500403], [29.74289895416408, -23.89109035274365], [29.743017638880197, -23.891116612975615]]], [[[29.74289676003519, -23.89092018878616], [29.742801104539854, -23.891194049535443], [29.74273400217878, -23.891166196534453], [29.74281326169556, -23.89090333066418], [29.74289676003519, -23.89092018878616]]], [[[29.74270372953584, -23.89099243502746], [29.74267672912262, -23.891052545825584], [29.742654521760134, -23.891103397681956], [29.74246055317901, -23.891032344860992], [29.74242261354788, -23.89114575902584], [29.742382494253405, -23.891135771414774], [29.742426811471972, -23.891029482784138], [29.742451538249266, -23.891029041712905], [29.742431637787192, -23.89102175216416], [29.74245850932658, -23.8909555280765], [29.742479150322183, -23.89090929090244], [29.742502665180293, -23.89084159687766], [29.74251515745293, -23.89080315048987], [29.74273925174356, -23.890863368738383], [29.74270243951169, -23.89093130000905], [29.742683524301793, -23.890980564231963], [29.74270372953584, -23.89099243502746]]], [[[29.742213027107333, -23.891063875084463], [29.74218977001674, -23.891143795728407], [29.74212791232066, -23.891128081056955], [29.742214226475852, -23.890805460439378], [29.742292255442305, -23.890799481960766], [29.74222196939561, -23.89101478968966], [29.742198826742854, -23.8910213180933], [29.742199407151038, -23.891048828953192], [29.742213027107333, -23.891063875084463]]], [[[29.743131178106474, -23.890634832247844], [29.743039088101437, -23.890886352954837], [29.74297463788295, -23.890866210076837], [29.74306200285467, -23.890616652793803], [29.743131178106474, -23.890634832247844]]], [[[29.742509006885392, -23.890490618807387], [29.74247638373215, -23.890590776373468], [29.74242838059475, -23.890575349877725], [29.742452153205026, -23.890475350191696], [29.742509006885392, -23.890490618807387]]], [[[29.74297730209962, -23.890411497282283], [29.7428860107974, -23.89066864093859], [29.74283557533342, -23.890667035268752], [29.74280707940485, -23.890639988138098], [29.742910863071742, -23.890393895296388], [29.74297730209962, -23.890411497282283]]], [[[29.742814922925803, -23.890366172294893], [29.74274368018424, -23.890637361884288], [29.74259996127295, -23.89060485472996], [29.742669949057188, -23.890338698484864], [29.742814922925803, -23.890366172294893]]], [[[29.7427083415755, -23.88993094378674], [29.74269859598312, -23.890050106944038], [29.742714308019046, -23.890052332113275], [29.742706593473454, -23.890106328012173], [29.742631540842545, -23.890100151393334], [29.74263570448913, -23.890168339968383], [29.742665277500958, -23.890214155238716], [29.742689411115396, -23.890228129288815], [29.742704224916494, -23.890187784046994], [29.742898617410138, -23.8902331644104], [29.742868757120725, -23.89033515183695], [29.742670240042052, -23.890287965932615], [29.742679621321145, -23.89024834396639], [29.742598216367035, -23.890231634272208], [29.74255670903959, -23.89036263765304], [29.742537300131268, -23.890411205780193], [29.742475522207396, -23.890388509543445], [29.742545858511992, -23.89017119539597], [29.74261165606057, -23.89019068808758], [29.742605204054094, -23.890207712302505], [29.74264358308245, -23.89021892678793], [29.74262909987823, -23.89021041695458], [29.74259892516387, -23.890168369691317], [29.74260083639391, -23.89009756819473], [29.74252025878399, -23.89008773279502], [29.742525997536223, -23.890036903061432], [29.742553951718573, -23.890038283509863], [29.742569170579046, -23.889920275447913], [29.742543271536988, -23.88991948470519], [29.742549089524704, -23.889872410839594], [29.742737321497334, -23.889884083999675], [29.742734200001884, -23.889929856133868], [29.7427083415755, -23.88993094378674]]]]}}, {"type": "Feature", "properties": {"Id": 322, "Name": "House 3", "OtherName": "", "Type": "Residence", "Shape_Leng": 135.702852105, "Shape_Le_1": 135.702852105, "Shape_Area": 356.076533677}, "geometry": {"type": "MultiPolygon", "coordinates": [[[[29.741970289620888, -23.890116692188034], [29.742061127597385, -23.89011893682135], [29.74208766152943, -23.89011552852419], [29.74208779471778, -23.8901722807039], [29.741939756598804, -23.890167093147884], [29.741945339804495, -23.890122419726097], [29.74193355016304, -23.890125126414617], [29.741921889472977, -23.89012729198485], [29.741925248424327, -23.89003427113825], [29.741981611306215, -23.890032287602875], [29.74198438757486, -23.890113456054333], [29.741970289620888, -23.890116692188034]]], [[[29.74209665092409, -23.889936296623162], [29.742097144295485, -23.89006056155498], [29.742005675519817, -23.890063171231187], [29.742004973946344, -23.890029913331887], [29.741905873062038, -23.89002385295672], [29.741903157758266, -23.889945618479413], [29.742032170085423, -23.88995701734614], [29.74202952695223, -23.88993260108016], [29.74209665092409, -23.889936296623162]]]]}}, {"type": "Feature", "properties": {"Id": 325, "Name": "House 2", "OtherName": "", "Type": "Residence", "Shape_Leng": 120.326293606, "Shape_Le_1": 120.326293606, "Shape_Area": 338.521792901}, "geometry": {"type": "MultiPolygon", "coordinates": [[[[29.742401969766792, -23.88971095474496], [29.74240085240345, -23.889754812944275], [29.74226600410502, -23.8897553399612], [29.742268405161575, -23.88970770067855], [29.742401969766792, -23.88971095474496]]], [[[29.7423859708838, -23.889501443322647], [29.74239296284741, -23.889574590579677], [29.74241532592423, -23.88956918168451], [29.7424143058684, -23.889649987314737], [29.7422699790136, -23.889653187948756], [29.742270957944548, -23.889635009537383], [29.742172889906225, -23.889635505910903], [29.742174761766677, -23.889562826008856], [29.74232254518942, -23.88956206927633], [29.742321224463613, -23.889499466343437], [29.7423859708838, -23.889501443322647]]]]}}, {"type": "Feature", "properties": {"Id": 328, "Name": "House 33", "OtherName": "", "Type": "Residence", "Shape_Leng": 42.7026239479, "Shape_Le_1": 42.7026239479, "Shape_Area": 112.964880809}, "geometry": {"type": "Polygon", "coordinates": [[[29.740260364610563, -23.89004088989119], [29.740262355528714, -23.889949688533655], [29.74037596507927, -23.889954860505547], [29.74037512660663, -23.89003884443994], [29.740260364610563, -23.89004088989119]]]}}, {"type": "Feature", "properties": {"Id": 329, "Name": "House 32", "OtherName": "", "Type": "Residence", "Shape_Leng": 45.6663814433, "Shape_Le_1": 45.6663814433, "Shape_Area": 121.522929795}, "geometry": {"type": "Polygon", "coordinates": [[[29.740512159289846, -23.890041199854817], [29.74051793573608, -23.889943933633518], [29.740634128059284, -23.889947859897116], [29.74063516462474, -23.88999702278542], [29.740615653702, -23.889999770436916], [29.74061658914055, -23.890044137210346], [29.740512159289846, -23.890041199854817]]]}}, {"type": "Feature", "properties": {"Id": 330, "Name": "House 34", "OtherName": "", "Type": "Residence", "Shape_Leng": 47.7187877284, "Shape_Le_1": 47.7187877284, "Shape_Area": 127.926350852}, "geometry": {"type": "Polygon", "coordinates": [[[29.740498201409967, -23.889812334515028], [29.740504029414595, -23.88971746633215], [29.740627969886173, -23.889717656070214], [29.740634122427355, -23.889761929848206], [29.74060941968952, -23.889765968619045], [29.740616876261427, -23.88981021915321], [29.740498201409967, -23.889812334515028]]]}}, {"type": "Feature", "properties": {"Id": 336, "Name": "Block 2", "OtherName": "Stellenbosch", "Type": "Residence", "Shape_Leng": 202.315954324, "Shape_Le_1": 202.315954324, "Shape_Area": 710.064879556}, "geometry": {"type": "Polygon", "coordinates": [[[29.740818014178757, -23.88938774913556], [29.74081459043728, -23.8892253714124], [29.74085204244992, -23.889218942850057], [29.740854655271374, -23.889283411838125], [29.740960104347394, -23.889293052070645], [29.74096207514329, -23.88926767173122], [29.74122624803213, -23.88925835366336], [29.741226758038202, -23.889282538128036], [29.741471036410942, -23.889280486906653], [29.741468812882765, -23.889234444538314], [29.741502629254796, -23.88923384157297], [29.74150443652531, -23.889378967059788], [29.74149439311416, -23.88937799449709], [29.741365462403177, -23.889383749204807], [29.741359918034362, -23.88935850286036], [29.741222267807135, -23.8893667171052], [29.74121787934454, -23.889336842664843], [29.74095977508349, -23.889336835776778], [29.740961998437623, -23.889382878168252], [29.740818014178757, -23.88938774913556]]]}}, {"type": "Feature", "properties": {"Id": 337, "Name": "Block 2 Parking", "OtherName": "", "Type": "Vehicles Parking", "Shape_Leng": 86.688274065, "Shape_Le_1": 86.688274065, "Shape_Area": 182.265458023}, "geometry": {"type": "Polygon", "coordinates": [[[29.74089137883104, -23.889242435179664], [29.74088802391339, -23.889202172984664], [29.74126756866371, -23.889197710691075], [29.741269767841516, -23.889242601857564], [29.74089137883104, -23.889242435179664]]]}}, {"type": "Feature", "properties": {"Id": 339, "Name": "Block 1 Parking", "OtherName": "", "Type": "Vehicles Parking", "Shape_Leng": 93.5688380904, "Shape_Le_1": 93.5688380904, "Shape_Area": 230.85916479}, "geometry": {"type": "Polygon", "coordinates": [[[29.74076652627505, -23.88893276548815], [29.740762776038746, -23.888907177557115], [29.740771033208112, -23.88888283680255], [29.741173096977768, -23.88887682174719], [29.74117166046543, -23.888927536862532], [29.74076652627505, -23.88893276548815]]]}}, {"type": "Feature", "properties": {"Id": 340, "Name": "Block 1", "OtherName": "Stellenbosch", "Type": "Residence", "Shape_Leng": 162.090831398, "Shape_Le_1": 162.090831398, "Shape_Area": 625.024841862}, "geometry": {"type": "Polygon", "coordinates": [[[29.74070865247775, -23.888895469731796], [29.740717180879784, -23.88876513582157], [29.740842523998765, -23.888767509875123], [29.740849577693616, -23.88874549476293], [29.74097862925221, -23.888745498407378], [29.74097819216557, -23.888724769376008], [29.741109772983656, -23.88872587946699], [29.741109360170807, -23.88870630255181], [29.741260834406837, -23.88870014618509], [29.741255224406345, -23.88885001232725], [29.741221286706942, -23.888844857366614], [29.74121530527398, -23.888798881983703], [29.740997571797607, -23.88881197956994], [29.74099346023624, -23.888854679060323], [29.740740342660335, -23.88885343118921], [29.74074242021977, -23.88889256361518], [29.74070865247775, -23.888895469731796]]]}}, {"type": "Feature", "properties": {"Id": 341, "Name": "House 1", "OtherName": "", "Type": "Residence", "Shape_Leng": 159.963297926, "Shape_Le_1": 159.963297926, "Shape_Area": 586.113898117}, "geometry": {"type": "MultiPolygon", "coordinates": [[[[29.741797498888996, -23.888877685927376], [29.74180117232031, -23.888954536886313], [29.741611813405648, -23.888955082231565], [29.741612770758614, -23.88890315813904], [29.741669753871765, -23.888904030169062], [29.74169897586624, -23.88890256503237], [29.74169792545691, -23.888877102282994], [29.741797498888996, -23.888877685927376]]], [[[29.741650433919805, -23.888717981607], [29.741656209671003, -23.88879715433601], [29.741681830498425, -23.888795282291106], [29.741687483360867, -23.88879565352109], [29.741691446841568, -23.888837579949833], [29.741668361040514, -23.888837991606977], [29.741670368139577, -23.888860133992534], [29.74163037349705, -23.88886179121387], [29.7416313045093, -23.8888815935424], [29.741568243931592, -23.888884605199408], [29.74156473810557, -23.8888643767513], [29.741353429239723, -23.888870503675683], [29.741352217385266, -23.88876435287873], [29.741526639338474, -23.888761242933988], [29.741526306910835, -23.88872113896936], [29.741650433919805, -23.888717981607]]]]}}, {"type": "Feature", "properties": {"Id": 343, "Name": "Water Testing Lab", "OtherName": "", "Type": "Laboratory", "Shape_Leng": 368.736450924, "Shape_Le_1": 368.736450924, "Shape_Area": 1474.70781826}, "geometry": {"type": "MultiPolygon", "coordinates": [[[[29.74410485488957, -23.889589346026927], [29.744031763628207, -23.88962161762017], [29.743926120272302, -23.889441387370628], [29.744006504089505, -23.889412672562717], [29.74410485488957, -23.889589346026927]]], [[[29.74418418813968, -23.889548852758207], [29.744127914003656, -23.889580086859375], [29.74403511148764, -23.889400364885358], [29.74407777412779, -23.889370111130155], [29.74418418813968, -23.889548852758207]]], [[[29.744181419181146, -23.889341717552448], [29.74420296020971, -23.88937451229821], [29.744264922589963, -23.889346863529084], [29.744324814643754, -23.88944901723465], [29.74431305545287, -23.88946176161606], [29.744345079214437, -23.889497318733476], [29.744252937218636, -23.889538778076634], [29.744220633404822, -23.88948995497359], [29.74419281109508, -23.889501510394474], [29.744112335326765, -23.88937391764816], [29.744181419181146, -23.889341717552448]]], [[[29.744644192310552, -23.889345991678475], [29.74459503886005, -23.889372675471108], [29.74454476637447, -23.889270349266823], [29.744585241769503, -23.889250456785668], [29.744644192310552, -23.889345991678475]]], [[[29.744577592214384, -23.88922994861506], [29.7445346486552, -23.889246935647932], [29.7445172247376, -23.88921922909299], [29.744559272286917, -23.88919783380413], [29.744577592214384, -23.88922994861506]]], [[[29.744394569339093, -23.88906879518523], [29.7444353086987, -23.889137375031446], [29.74444716122405, -23.88912905323321], [29.744503815606965, -23.889229790810482], [29.744487216436205, -23.889241146845585], [29.744562158747577, -23.889372525031497], [29.74439635762862, -23.88945732612153], [29.7443221071512, -23.889320773866118], [29.744308713554865, -23.889332072667134], [29.74424476764709, -23.889227779176426], [29.744260565194875, -23.889216437474026], [29.744226129145233, -23.889142583440666], [29.744394569339093, -23.88906879518523]]]]}}, {"type": "Feature", "properties": {"Id": 349, "Name": "Edu-Science Parking", "OtherName": "", "Type": "Vehicles Parking", "Shape_Leng": 65.5575598254, "Shape_Le_1": 65.5575598254, "Shape_Area": 140.802618473}, "geometry": {"type": "Polygon", "coordinates": [[[29.744120625563873, -23.88912087224091], [29.74410435284816, -23.889071762981803], [29.744340086648226, -23.888956959053857], [29.74435933163975, -23.88899495639493], [29.744120625563873, -23.88912087224091]]]}}, {"type": "Feature", "properties": {"Id": 350, "Name": "EDU SCIENCE (Botanical garden)", "OtherName": "", "Type": "", "Shape_Leng": 223.942944559, "Shape_Le_1": 223.942944559, "Shape_Area": 1612.03295395}, "geometry": {"type": "MultiPolygon", "coordinates": [[[[29.74435821454375, -23.888410289466908], [29.74426937221393, -23.888456113226372], [29.74424789358939, -23.888426266867672], [29.74433594982968, -23.888381194528193], [29.74435821454375, -23.888410289466908]]], [[[29.744683495004942, -23.888473052894742], [29.744668786899613, -23.888535986988053], [29.744590505037042, -23.88858825880043], [29.744598800559686, -23.888601381683827], [29.74450895527486, -23.888637639405008], [29.744504744776844, -23.88862812957656], [29.744270094398107, -23.888756185334188], [29.74413305862043, -23.88853227742662], [29.74419829000538, -23.888498340125484], [29.744175829874063, -23.888507182456163], [29.7441598684235, -23.888472814261107], [29.744237628848634, -23.888433823834866], [29.74425829027095, -23.888462947404534], [29.744238484584148, -23.888474359735937], [29.744232702932397, -23.88846635269233], [29.74420182987356, -23.88848533631112], [29.74420500381563, -23.888494846599503], [29.744436838730607, -23.888374232131028], [29.744429756519015, -23.888342654080766], [29.744489034339757, -23.88830178130914], [29.744544817438683, -23.88828530250116], [29.74458134609088, -23.88834437250189], [29.744641604216277, -23.888349932349364], [29.74468818834152, -23.88842946754376], [29.744669511166627, -23.88845634467758], [29.744683495004942, -23.888473052894742]]]]}}, {"type": "Feature", "properties": {"Id": 353, "Name": "ZOO", "OtherName": "", "Type": "zoo", "Shape_Leng": 1213.33438962, "Shape_Le_1": 1213.33438962, "Shape_Area": 4519.26549208}, "geometry": {"type": "MultiPolygon", "coordinates": [[[[29.743422030619254, -23.88884726306878], [29.743076272232372, -23.888916103630493], [29.74305111351937, -23.888825863281042], [29.74340572087755, -23.88875833965474], [29.743422030619254, -23.88884726306878]]], [[[29.743220184961345, -23.88866801132878], [29.74313870520981, -23.888682736908276], [29.7431189558266, -23.888582815066815], [29.7433051452903, -23.88855221205073], [29.74330832792781, -23.88858902138363], [29.743288397703033, -23.888594537712134], [29.74328900430236, -23.88862328186553], [29.743216326122162, -23.888637113069425], [29.743220184961345, -23.88866801132878]]], [[[29.74339961394904, -23.888582968364915], [29.743343535017864, -23.8885854437058], [29.743332165841185, -23.888540670201614], [29.743392081867874, -23.888530016163887], [29.74339961394904, -23.888582968364915]]], [[[29.743693689444015, -23.888534956772318], [29.743580913434158, -23.88885253828298], [29.743451176151233, -23.88882241140615], [29.74356231809298, -23.88850338527616], [29.743693689444015, -23.888534956772318]]], [[[29.743096722426372, -23.88855519322238], [29.743016782811633, -23.888566941749428], [29.74297654391352, -23.888370060721076], [29.74304936196887, -23.888362863533875], [29.743096722426372, -23.88855519322238]]], [[[29.743522765053317, -23.888187047155608], [29.743524436664895, -23.888304250254645], [29.743503611535683, -23.88830535921935], [29.74349214067191, -23.888293766775135], [29.743479330965116, -23.888294732716123], [29.743479688718498, -23.888311684186085], [29.74343882453946, -23.888313150698448], [29.743432053668926, -23.888296313655616], [29.74341150850453, -23.888310688584045], [29.743386824512115, -23.888280899280016], [29.743418389449943, -23.888256742742033], [29.743427192120105, -23.88817990484272], [29.743522765053317, -23.888187047155608]]], [[[29.74327458326265, -23.88816788198404], [29.74325724367503, -23.888182199698996], [29.743243585671383, -23.88818096862483], [29.743232161504867, -23.888171587455073], [29.74323026370668, -23.888157612964612], [29.74323796804697, -23.88814272887994], [29.743249112264024, -23.888138844071122], [29.743266870789213, -23.888144425342265], [29.743274272184003, -23.88815314090571], [29.74327458326265, -23.88816788198404]]], [[[29.742598871847242, -23.888042657842504], [29.74236468792916, -23.888047987385175], [29.742350219404337, -23.8879560814442], [29.742594204489837, -23.887940208708873], [29.742598871847242, -23.888042657842504]]], [[[29.743158401966248, -23.88817216603068], [29.74305859464898, -23.888192380161296], [29.7430072296147, -23.88792417749857], [29.743095136618702, -23.887910075636825], [29.743158401966248, -23.88817216603068]]], [[[29.743262080401642, -23.88794932985099], [29.743157312818834, -23.887970073873667], [29.743112785253377, -23.8877325701641], [29.74322594946803, -23.887720641327522], [29.743262080401642, -23.88794932985099]]], [[[29.74341880143349, -23.887837058053197], [29.743269214132205, -23.887849635979222], [29.743257381037026, -23.88777529083421], [29.743255150184236, -23.88776683681533], [29.743247869367526, -23.887713644548842], [29.743392496031635, -23.887709176050965], [29.743394731371644, -23.88774216828976], [29.743401126301762, -23.887753379282827], [29.74341880143349, -23.887837058053197]]], [[[29.742989551624756, -23.887972325780986], [29.742924643308637, -23.887983852110587], [29.742861478795643, -23.887662405910184], [29.742936455529893, -23.887653004196295], [29.742989551624756, -23.887972325780986]]], [[[29.743218399801872, -23.88770331635127], [29.743110001418962, -23.887722237890255], [29.7430967792097, -23.88765499523941], [29.743210999561192, -23.887644463664973], [29.743218399801872, -23.88770331635127]]], [[[29.743091610582816, -23.887872152363276], [29.743006327490885, -23.88789207664094], [29.74295311380306, -23.887632076723747], [29.74305449900019, -23.887621302205805], [29.743091610582816, -23.887872152363276]]], [[[29.742785075264223, -23.887901090430837], [29.742641262967776, -23.88791402413143], [29.74259775040103, -23.8875737946128], [29.742755169214, -23.887552554056104], [29.742785075264223, -23.887901090430837]]], [[[29.743652221022796, -23.8877289410906], [29.743573559281803, -23.887741865640965], [29.743552221365487, -23.887621281438797], [29.743595545831102, -23.88759631485961], [29.743585417813552, -23.887531981003313], [29.7436341664079, -23.88752650368553], [29.74366850297959, -23.88772865055713], [29.743652221022796, -23.8877289410906]]], [[[29.743646509353933, -23.887458312135816], [29.74302524721261, -23.88758575306375], [29.743013453413763, -23.88750186460969], [29.743499913615597, -23.887398717479453], [29.74350951941067, -23.887378960932892], [29.74361681669232, -23.88735746217133], [29.743646509353933, -23.887458312135816]]]]}}, {"type": "Feature", "properties": {"Id": 368, "Name": "Language Lab", "OtherName": "", "Type": "Computer labs", "Shape_Leng": 247.410458754, "Shape_Le_1": 247.410458754, "Shape_Area": 3374.27901439}, "geometry": {"type": "Polygon", "coordinates": [[[29.74268275878462, -23.887044849875114], [29.742669158224295, -23.88706489965822], [29.742676302276855, -23.887066214491398], [29.74266416087686, -23.887106390206707], [29.742361690996923, -23.88705958293954], [29.742427303463668, -23.886736199734276], [29.742474442449264, -23.886650754681504], [29.7425301684962, -23.886601158868917], [29.74250596451772, -23.886567389632024], [29.742550442108534, -23.886541394650195], [29.742588459326196, -23.886580318316106], [29.742656419679108, -23.88655390536084], [29.742762056582563, -23.886550221442924], [29.743064828056422, -23.88661142267515], [29.74300003572907, -23.886880789614207], [29.742964811022944, -23.886881417987674], [29.742918752050368, -23.887110848988307], [29.742676302276855, -23.887066214491398], [29.74268275878462, -23.887044849875114]]]}}, {"type": "Feature", "properties": {"Id": 369, "Name": "Restroom", "OtherName": "", "Type": "Restrooms", "Shape_Leng": 149.971567155, "Shape_Le_1": 149.971567155, "Shape_Area": 314.40044111}, "geometry": {"type": "MultiPolygon", "coordinates": [[[[29.74236418579398, -23.886598719318823], [29.742328250954905, -23.88673645367277], [29.74228540111845, -23.88672454528228], [29.742329703056146, -23.886508322844612], [29.742403731774342, -23.886454007984224], [29.742425629865437, -23.886482418456644], [29.7423652089332, -23.886528426421307], [29.74236418579398, -23.886598719318823]]], [[[29.742533609612035, -23.886374504344484], [29.742773795581275, -23.88641630224475], [29.742766121992545, -23.886468281139038], [29.7425345570595, -23.886419416900004], [29.742471411607262, -23.886455105090658], [29.742454498166087, -23.886425453175974], [29.742533609612035, -23.886374504344484]]]]}}, {"type": "Feature", "properties": {"Id": 377, "Name": "TV White Space", "OtherName": "", "Type": "Student support", "Shape_Leng": 149.551952975, "Shape_Le_1": 149.551952975, "Shape_Area": 535.217832551}, "geometry": {"type": "MultiPolygon", "coordinates": [[[[29.741051484033495, -23.885084860079985], [29.741012497565446, -23.88509275461116], [29.740959585291076, -23.885090098429778], [29.74094699283108, -23.88495711654421], [29.74103881560793, -23.88494827931842], [29.741051484033495, -23.885084860079985]]], [[[29.74085545842093, -23.88488674499465], [29.740929207150362, -23.885042037060085], [29.740843861606553, -23.885079559831222], [29.740825414938165, -23.88504028683368], [29.740811754662474, -23.88504233088634], [29.740828471481645, -23.88509243545307], [29.740762543737965, -23.88512241158963], [29.74072188825794, -23.885051133113162], [29.74071233152948, -23.885062103277473], [29.740683683378386, -23.885003212087522], [29.740695272418048, -23.88499580504573], [29.74066658633218, -23.884935113050236], [29.740734661130723, -23.884914099756273], [29.740758940189764, -23.884951468241685], [29.74078607108714, -23.884938384267535], [29.740775907462517, -23.884920564194548], [29.74085545842093, -23.88488674499465]]]]}}, {"type": "Feature", "properties": {"Id": 380, "Name": "Department of Water and Sanitation", "OtherName": "", "Type": "", "Shape_Leng": 167.854688338, "Shape_Le_1": 167.854688338, "Shape_Area": 805.29660412}, "geometry": {"type": "MultiPolygon", "coordinates": [[[[29.74116960588486, -23.88424753569447], [29.741174503330285, -23.8844037580276], [29.74105425591877, -23.8844051650149], [29.741043701642504, -23.884246830463965], [29.74116960588486, -23.88424753569447]]], [[[29.741456304055724, -23.884192287665613], [29.74142667566989, -23.88427023329289], [29.741182079783833, -23.88426869548643], [29.741177544352993, -23.884243707296896], [29.74105247182964, -23.884244462002826], [29.7410580475565, -23.884128605136674], [29.741421995505338, -23.88412432949825], [29.741456304055724, -23.884192287665613]]]]}}, {"type": "Feature", "properties": {"Id": 382, "Name": "Parking", "OtherName": "", "Type": "", "Shape_Leng": 137.628679645, "Shape_Le_1": 137.628679645, "Shape_Area": 272.381919629}, "geometry": {"type": "MultiPolygon", "coordinates": [[[[29.741695220444175, -23.88362029803738], [29.74164877746007, -23.88362333818465], [29.741667198053257, -23.88335610346239], [29.74170647405093, -23.883355403227394], [29.741695220444175, -23.88362029803738]]], [[[29.741596661995825, -23.883623529937534], [29.741552577218037, -23.88362431588066], [29.74155726281074, -23.88335216437659], [29.74160697431557, -23.883352015503014], [29.741596661995825, -23.883623529937534]]]]}}, {"type": "Feature", "properties": {"Id": 386, "Name": "Creche", "OtherName": "", "Type": "", "Shape_Leng": 161.708714655, "Shape_Le_1": 161.708714655, "Shape_Area": 613.549259141}, "geometry": {"type": "MultiPolygon", "coordinates": [[[[29.742267319728125, -23.883177427235058], [29.742227918218557, -23.883179014339515], [29.742230149255935, -23.883148019147427], [29.742269570384217, -23.883147316185028], [29.742267319728125, -23.883177427235058]]], [[[29.74211782921444, -23.882975787928125], [29.742066871643335, -23.88297669655259], [29.742061880231574, -23.88287684428507], [29.74211476083759, -23.882875901375332], [29.74211782921444, -23.882975787928125]]], [[[29.742332425801667, -23.882980806188765], [29.742333656448892, -23.883039157089854], [29.742343270846945, -23.88303898563977], [29.74234559355414, -23.8831035076054], [29.74233496167069, -23.883101043725166], [29.74214066808865, -23.88310097040457], [29.74213649699103, -23.883040019355064], [29.74217589944341, -23.883038432260282], [29.742175537173456, -23.88297564340895], [29.74218899771839, -23.882975403386098], [29.742186097102888, -23.882883474274], [29.742287051603714, -23.88288167406477], [29.742283310276083, -23.882841056865296], [29.742405510774653, -23.88284329927315], [29.742402575835094, -23.882977786234157], [29.742332425801667, -23.882980806188765]]]]}}, {"type": "Feature", "properties": {"Id": 389, "Name": "Centre for Rural and Community Empowerment", "OtherName": "", "Type": "", "Shape_Leng": 195.532112551, "Shape_Le_1": 195.532112551, "Shape_Area": 566.83543997}, "geometry": {"type": "MultiPolygon", "coordinates": [[[[29.742173507223278, -23.88429608686496], [29.742176059217265, -23.88434579040692], [29.742207607793333, -23.88434522781947], [29.74222095351805, -23.884336698172458], [29.742374161701072, -23.884332584202657], [29.7423666919332, -23.884405959640404], [29.74220854011956, -23.88438943307176], [29.742209064557628, -23.88441429869521], [29.74210710988216, -23.88442579022709], [29.742103522853522, -23.884398215628174], [29.742062901976734, -23.88439617638363], [29.742070750655202, -23.884340759302667], [29.742116023708697, -23.88434962545546], [29.74211509141565, -23.884305420199503], [29.742173507223278, -23.88429608686496]]], [[[29.742213679177553, -23.88420554495297], [29.742213853988975, -23.884213833494297], [29.742339931602768, -23.884206057092058], [29.742347864272354, -23.88429712296139], [29.742128350711813, -23.884292745820794], [29.742125304433603, -23.88421955790602], [29.742197386404563, -23.88421689073682], [29.742195680290905, -23.88420724770946], [29.74214309840432, -23.88420818535996], [29.74213510860831, -23.88411435690145], [29.742237178585295, -23.884108390483313], [29.74224372554733, -23.88420500914865], [29.742213679177553, -23.88420554495297]]]]}}, {"type": "Feature", "properties": {"Id": 396, "Name": "Parking", "OtherName": "", "Type": "", "Shape_Leng": 64.4166078353, "Shape_Le_1": 64.4166078353, "Shape_Area": 146.14144533}, "geometry": {"type": "Polygon", "coordinates": [[[29.741509995860476, -23.88481553274891], [29.74146581691954, -23.88479311238727], [29.74154043644174, -23.884565932434633], [29.741594993066826, -23.88458420559691], [29.741509995860476, -23.88481553274891]]]}}, {"type": "Feature", "properties": {"Id": 397, "Name": "Parking", "OtherName": "", "Type": "", "Shape_Leng": 295.212786379, "Shape_Le_1": 295.212786379, "Shape_Area": 696.66802827}, "geometry": {"type": "MultiPolygon", "coordinates": [[[[29.74230694337497, -23.888248072058555], [29.74234617733043, -23.888740003257393], [29.742295049642586, -23.888732954735747], [29.742253080366144, -23.88824814822438], [29.74230694337497, -23.888248072058555]]], [[[29.742306897834165, -23.888200313949554], [29.742246322463497, -23.88820139432003], [29.742218696032936, -23.887986084675383], [29.742204724482992, -23.887825366345265], [29.74225278155734, -23.887823624774178], [29.742306897834165, -23.888200313949554]]], [[[29.742243177257333, -23.887778690613615], [29.742201963095336, -23.8877856161872], [29.742159617259166, -23.88746532175746], [29.74221046566307, -23.887459107971626], [29.742243177257333, -23.887778690613615]]]]}}, {"type": "Feature", "properties": {"Id": 401, "Name": "Village 6", "OtherName": "", "Type": "", "Shape_Leng": 493.383669505, "Shape_Le_1": 493.383669505, "Shape_Area": 15169.7542598}, "geometry": {"type": "Polygon", "coordinates": [[[29.748126171776455, -23.89166880993644], [29.74925450125218, -23.89164863667443], [29.749306621003623, -23.89284205603183], [29.74809577079374, -23.89277309970427], [29.748126171776455, -23.89166880993644]]]}}, {"type": "Feature", "properties": {"Id": 402, "Name": "Village 4", "OtherName": "", "Type": "", "Shape_Leng": 539.512618703, "Shape_Le_1": 539.512618703, "Shape_Area": 14882.4080043}, "geometry": {"type": "Polygon", "coordinates": [[[29.747471237954848, -23.891622856900156], [29.747856825824513, -23.89164067622526], [29.747970748205013, -23.892791807650404], [29.746688952484607, -23.89275705634911], [29.746701630198032, -23.891661319199248], [29.747086173146045, -23.89162973787766], [29.747089479670244, -23.891786180031424], [29.747493325474096, -23.891820148043415], [29.747471237954848, -23.891622856900156]]]}}, {"type": "Feature", "properties": {"Id": 403, "Name": "Village 2", "OtherName": "", "Type": "", "Shape_Leng": 511.458200852, "Shape_Le_1": 511.458200852, "Shape_Area": 16321.6687821}, "geometry": {"type": "Polygon", "coordinates": [[[29.745366984611703, -23.891668684010835], [29.746539917871655, -23.89163949761955], [29.746600619456213, -23.89281629235933], [29.745301956711856, -23.89283125208987], [29.745366984611703, -23.891668684010835]]]}}, {"type": "Feature", "properties": {"Id": 404, "Name": "Village 1", "OtherName": "", "Type": "", "Shape_Leng": 501.937154351, "Shape_Le_1": 501.937154351, "Shape_Area": 15724.8974195}, "geometry": {"type": "Polygon", "coordinates": [[[29.74533664137677, -23.891504487877796], [29.74534002817593, -23.890392441704655], [29.746611975884356, -23.890386198177097], [29.746511139087936, -23.891549405783675], [29.74533664137677, -23.891504487877796]]]}}, {"type": "Feature", "properties": {"Id": 405, "Name": "Village 3", "OtherName": "", "Type": "", "Shape_Leng": 481.653281466, "Shape_Le_1": 481.653281466, "Shape_Area": 14462.6090371}, "geometry": {"type": "Polygon", "coordinates": [[[29.746701873296058, -23.890401066225554], [29.7478951397623, -23.890486823584965], [29.747916898979263, -23.891516048521186], [29.74669815016555, -23.891496643523805], [29.746701873296058, -23.890401066225554]]]}}, {"type": "Feature", "properties": {"Id": 406, "Name": "Village 5", "OtherName": "", "Type": "", "Shape_Leng": 487.516190258, "Shape_Le_1": 487.516190258, "Shape_Area": 14837.8420957}, "geometry": {"type": "Polygon", "coordinates": [[[29.74810953644403, -23.890458280901168], [29.749309146326727, -23.890420359864333], [29.74927962442269, -23.89156581815085], [29.748141818790437, -23.89156145032172], [29.74810953644403, -23.890458280901168]]]}}, {"type": "Feature", "properties": {"Id": 432, "Name": "Gate 3", "OtherName": "", "Type": "", "Shape_Leng": 62.192982129, "Shape_Le_1": 62.192982129, "Shape_Area": 208.541850154}, "geometry": {"type": "Polygon", "coordinates": [[[29.733673171553676, -23.892638958110794], [29.733668111970108, -23.89244726874918], [29.73376778082859, -23.89244738548859], [29.73376566989689, -23.892640147309645], [29.733673171553676, -23.892638958110794]]]}}, {"type": "Feature", "properties": {"Id": 433, "Name": "Parking", "OtherName": "", "Type": "", "Shape_Leng": 220.827674441, "Shape_Le_1": 220.827674441, "Shape_Area": 481.150739355}, "geometry": {"type": "MultiPolygon", "coordinates": [[[[29.73671032534231, -23.89204926332399], [29.736714440424514, -23.892098315577396], [29.736198502054794, -23.89209143819756], [29.736202682565274, -23.892046017229028], [29.73671032534231, -23.89204926332399]]], [[[29.73611425988634, -23.89209199343262], [29.73583694432286, -23.892096928620585], [29.735833896670208, -23.892049746351], [29.736107203114532, -23.89204960644713], [29.73611425988634, -23.89209199343262]]], [[[29.736702942574695, -23.89194263995496], [29.73670796569706, -23.891986008064936], [29.736554790420524, -23.891982121716193], [29.736551960251933, -23.89194532750842], [29.736702942574695, -23.89194263995496]]]]}}, {"type": "Feature", "properties": {"Id": 443, "Name": "Campus Control Office", "OtherName": "", "Type": "Security Services", "Shape_Leng": 247.796741031, "Shape_Le_1": 247.796741031, "Shape_Area": 1052.76558363}, "geometry": {"type": "MultiPolygon", "coordinates": [[[[29.74042112637495, -23.889427650963686], [29.740438685382287, -23.889634864220117], [29.740170725738565, -23.889646377578313], [29.74015759137296, -23.889440432901036], [29.740232279265268, -23.88943775429549], [29.740243585578977, -23.88948741287935], [29.740312242337932, -23.889476756742692], [29.74031719437209, -23.889433545876873], [29.74042112637495, -23.889427650963686]]], [[[29.7402564803939, -23.889264833442027], [29.74025716192441, -23.88929716302539], [29.740282066997693, -23.889296719150032], [29.740301055492203, -23.889293685727626], [29.740303100123356, -23.889390674473255], [29.740105378172228, -23.889396893330307], [29.740107558164393, -23.88929174429974], [29.74019548826557, -23.88929152471382], [29.74019500551456, -23.889268624064808], [29.7402564803939, -23.889264833442027]]], [[[29.740669831182892, -23.889086863635086], [29.74067945633462, -23.889276430050355], [29.740636362637282, -23.889278922963918], [29.74063213887895, -23.889256574573658], [29.740572258284818, -23.889263679045033], [29.740563976356842, -23.88922674207943], [29.74055741304801, -23.889226859067417], [29.74055326298551, -23.889207958879393], [29.740534546465376, -23.88921001725023], [29.74053738784397, -23.88916684400335], [29.74056842016618, -23.88917060321926], [29.740568568536688, -23.88908866862632], [29.740669831182892, -23.889086863635086]]]]}}, {"type": "Feature", "properties": {"Id": 444, "Name": "O Block", "OtherName": "", "Type": "", "Shape_Leng": 211.381934019, "Shape_Le_1": 211.381934019, "Shape_Area": 1442.86684223}, "geometry": {"type": "Polygon", "coordinates": [[[29.738859342266924, -23.885209271175647], [29.739027786470693, -23.885204923391417], [29.73903084874054, -23.88530587887385], [29.73916832027025, -23.885306190097925], [29.73916877860287, -23.885356410313722], [29.739117126882043, -23.885355122769877], [29.739119006052242, -23.885415805239447], [29.7394576367672, -23.88541915658334], [29.73946454887198, -23.885554249856373], [29.73887829778223, -23.885552565513915], [29.738879712828805, -23.88541104485151], [29.738872586938186, -23.885420604262887], [29.73885500710091, -23.88542091738351], [29.738859342266924, -23.885209271175647]]]}}, {"type": "Feature", "properties": {"Id": 445, "Name": "House 40", "OtherName": "", "Type": "Residence", "Shape_Leng": 57.7439518809, "Shape_Le_1": 57.7439518809, "Shape_Area": 159.836355643}, "geometry": {"type": "Polygon", "coordinates": [[[29.739227298809414, -23.89059019025743], [29.739103879501272, -23.890584219299043], [29.739103061955397, -23.89054542358749], [29.73908403562318, -23.890538613507633], [29.739086613892198, -23.890502822334767], [29.739157740360366, -23.890504619288702], [29.739161363802193, -23.89046574445713], [29.739239173270825, -23.89046844398863], [29.739243515707454, -23.890516367495664], [29.73922574973644, -23.890516684025442], [29.739227298809414, -23.89059019025743]]]}}, {"type": "Feature", "properties": {"Id": 446, "Name": "Fedics 2", "OtherName": "", "Type": "Residence", "Shape_Leng": 84.0791485638, "Shape_Le_1": 84.0791485638, "Shape_Area": 278.358197842}, "geometry": {"type": "Polygon", "coordinates": [[[29.739253478894465, -23.890462060839393], [29.739257382010724, -23.89043645834244], [29.73939403911071, -23.89043810931247], [29.739394262367203, -23.890501425977778], [29.739345408411026, -23.89050229643339], [29.739343992078258, -23.8905932177237], [29.73939286857403, -23.890593368543605], [29.739389244202442, -23.890632242489357], [29.739380362191376, -23.890632400746153], [29.739368147954185, -23.890632618374642], [29.73934765416465, -23.890661580612136], [29.739283147080894, -23.890657623359317], [29.739276033733308, -23.89063630205432], [29.739257071930904, -23.890632554983124], [29.739253478894465, -23.890462060839393]]]}}, {"type": "Feature", "properties": {"Id": 447, "Name": "R-40", "OtherName": "", "Type": "Conference Hall", "Shape_Leng": 159.261782079, "Shape_Le_1": 159.261782079, "Shape_Area": 1033.28876359}, "geometry": {"type": "Polygon", "coordinates": [[[29.740271325368514, -23.887042838715637], [29.740399308560725, -23.88704709132939], [29.740475715188815, -23.886964064753897], [29.740483133749898, -23.88681040181077], [29.74064731732358, -23.886846674785573], [29.74074137039327, -23.886926663182603], [29.74080490890252, -23.887075794120562], [29.740777255736322, -23.887112219980036], [29.740809285958328, -23.887114915348754], [29.740475674803562, -23.887130661411334], [29.740449989272346, -23.887091919940715], [29.740279254182887, -23.88708189667343], [29.740271325368514, -23.887042838715637]]]}}, {"type": "Feature", "properties": {"Id": 448, "Name": "DMST", "OtherName": "", "Type": "", "Shape_Leng": 176.364100009, "Shape_Le_1": 176.364100009, "Shape_Area": 1858.82255187}, "geometry": {"type": "Polygon", "coordinates": [[[29.74049377466528, -23.887146672143945], [29.740802459448666, -23.88712810314644], [29.740802941363953, -23.887150961386563], [29.740834902757825, -23.887150391672872], [29.740851023325394, -23.887578028831292], [29.740808407993846, -23.8875787884653], [29.7408090964361, -23.88761144193197], [29.740485655981622, -23.887604139980066], [29.74049377466528, -23.887146672143945]]]}}, {"type": "Feature", "properties": {"Id": 449, "Name": "Fedics 1", "OtherName": "", "Type": "Residence", "Shape_Leng": 62.1596858292, "Shape_Le_1": 62.1596858292, "Shape_Area": 171.177613853}, "geometry": {"type": "Polygon", "coordinates": [[[29.738951709044485, -23.890944786113195], [29.738874147381033, -23.89094342592936], [29.73887445389376, -23.890887211854164], [29.739029504962048, -23.89088650651638], [29.73902793583489, -23.8910243131655], [29.738948166795968, -23.89102436331208], [29.738951709044485, -23.890944786113195]]]}}, {"type": "Feature", "properties": {"Id": 450, "Name": "S Block", "OtherName": "", "Type": "Financial Aid Services", "Shape_Leng": 162.624743221, "Shape_Le_1": 162.624743221, "Shape_Area": 698.212507736}, "geometry": {"type": "Polygon", "coordinates": [[[29.738554321379443, -23.88863047423227], [29.738555687090177, -23.888695301306733], [29.738636984453564, -23.88869135865125], [29.738635658559435, -23.888885934649362], [29.73855978421346, -23.88888978072198], [29.73855654785862, -23.888864895659204], [29.738453399246197, -23.88886174357042], [29.738463648501835, -23.888704423588493], [29.738523304908117, -23.88870336106109], [29.738519175624504, -23.888636089477767], [29.738421555385326, -23.88863782815245], [29.738419244325225, -23.888528121753755], [29.73868216910438, -23.888518450424854], [29.738681664238175, -23.888623217697525], [29.738554321379443, -23.88863047423227]]]}}, {"type": "Feature", "properties": {"Id": 451, "Name": "Perfoming Arts Centre", "OtherName": "", "Type": "Performing Arts Cemtre", "Shape_Leng": 71.6375413378, "Shape_Le_1": 71.6375413378, "Shape_Area": 314.471315258}, "geometry": {"type": "Polygon", "coordinates": [[[29.738656070953592, -23.888696007047432], [29.738813294102464, -23.888690712804767], [29.738803675675058, -23.888877953507983], [29.738657141001454, -23.8888755752856], [29.738656070953592, -23.888696007047432]]]}}, {"type": "Feature", "properties": {"Id": 452, "Name": "VG Skills Lab Nursing", "OtherName": "", "Type": "Laboratory", "Shape_Leng": 83.7323826906, "Shape_Le_1": 83.7323826906, "Shape_Area": 429.263058444}, "geometry": {"type": "Polygon", "coordinates": [[[29.736161471819102, -23.88412174400358], [29.736397687921624, -23.88412711863812], [29.736394171639528, -23.884290006742372], [29.736161393052274, -23.884282974356875], [29.736161471819102, -23.88412174400358]]]}}, {"type": "Feature", "properties": {"Id": 453, "Name": "Heat Pump Station", "OtherName": "", "Type": "", "Shape_Leng": 63.3609229507, "Shape_Le_1": 63.3609229507, "Shape_Area": 204.058693671}, "geometry": {"type": "Polygon", "coordinates": [[[29.73588046885151, -23.88425509377411], [29.735880559610724, -23.884176188897673], [29.73610453086056, -23.884167372685887], [29.736101040052805, -23.8842511693757], [29.73588046885151, -23.88425509377411]]]}}, {"type": "Feature", "properties": {"Id": 454, "Name": "Matsiri Park", "OtherName": "", "Type": "Recreational", "Shape_Leng": 34.9129079599, "Shape_Le_1": 34.9129079599, "Shape_Area": 68.6279446269}, "geometry": {"type": "Polygon", "coordinates": [[[29.738603613574014, -23.894406767121158], [29.73862589411326, -23.89439040600904], [29.738653923299992, -23.89439716312033], [29.73866204693639, -23.894408144953097], [29.738663102825882, -23.894433282736266], [29.73866225476048, -23.894442974013106], [29.73867961111362, -23.894442664806736], [29.738684912359254, -23.894444505416914], [29.738689174909904, -23.894472004888307], [29.738687800877262, -23.894481704632838], [29.738604212603512, -23.894485128813617], [29.738603613574014, -23.894406767121158]]]}}, {"type": "Feature", "properties": {"Id": 455, "Name": "VI", "OtherName": " Frederick Engels", "Type": "Residence", "Shape_Leng": 180.575214444, "Shape_Le_1": 180.575214444, "Shape_Area": 777.599486549}, "geometry": {"type": "Polygon", "coordinates": [[[29.735715391448725, -23.883774246159913], [29.73570915215186, -23.88368865861485], [29.736501868274495, -23.88367863559857], [29.736505207087593, -23.88376699495974], [29.735715391448725, -23.883774246159913]]]}}, {"type": "Feature", "properties": {"Id": 456, "Name": "Optrimetric Clinic", "OtherName": "", "Type": "Eyes Medical Services", "Shape_Leng": 241.334880188, "Shape_Le_1": 241.334880188, "Shape_Area": 1177.93685945}, "geometry": {"type": "MultiPolygon", "coordinates": [[[[29.737388159091655, -23.8839675652408], [29.73739512523768, -23.88415788094906], [29.737198301902286, -23.88415458290953], [29.73719594564179, -23.8839723468326], [29.737388159091655, -23.8839675652408]]], [[[29.73617974039733, -23.883836719040055], [29.736184395313412, -23.88398762849652], [29.735947759663627, -23.883990478657818], [29.73594023361455, -23.883843701567773], [29.73617974039733, -23.883836719040055]]], [[[29.73710395499407, -23.883818911598254], [29.737109803349853, -23.88395619654487], [29.736868732049885, -23.883959127072625], [29.736870277075113, -23.883821710514916], [29.73710395499407, -23.883818911598254]]]]}}, {"type": "Feature", "properties": {"Id": 96, "Name": "VD", "OtherName": "Sekhukhune  House", "Type": "Residence", "Shape_Leng": 127.100072679, "Shape_Le_1": 127.100072679, "Shape_Area": 958.544595495}, "geometry": {"type": "Polygon", "coordinates": [[[29.7364623599541, -23.885250033134223], [29.736458513246177, -23.885025343409097], [29.736846874030146, -23.88502979129394], [29.736837387723927, -23.885249849933388], [29.7364623599541, -23.885250033134223]]]}}, {"type": "Feature", "properties": {"Id": 172, "Name": "I Block", "OtherName": "", "Type": "Lecture Hall", "Shape_Leng": 152.9008334, "Shape_Le_1": 152.9008334, "Shape_Area": 950.470458131}, "geometry": {"type": "Polygon", "coordinates": [[[29.738924323968032, -23.886996670926422], [29.739521585882308, -23.886984521907646], [29.73952479718463, -23.887136912445428], [29.73892869831552, -23.88712640049499], [29.738924323968032, -23.886996670926422]]]}}, {"type": "Feature", "properties": {"Id": 173, "Name": "J Block", "OtherName": "", "Type": "Lecture Hall", "Shape_Leng": 147.98131267, "Shape_Le_1": 147.98131267, "Shape_Area": 840.272426461}, "geometry": {"type": "Polygon", "coordinates": [[[29.738927138322527, -23.887441889062597], [29.73892649010817, -23.88733322529038], [29.738959435328454, -23.88733867555561], [29.73896391294713, -23.88731746453397], [29.739513621095075, -23.88730767156228], [29.739509855865407, -23.887440564192616], [29.738927138322527, -23.887441889062597]]]}}, {"type": "Feature", "properties": {"Id": 175, "Name": "Lapologa", "OtherName": "", "Type": "Student Support Services", "Shape_Leng": 179.951953763, "Shape_Le_1": 179.951953763, "Shape_Area": 1383.6949415}, "geometry": {"type": "Polygon", "coordinates": [[[29.738741062753174, -23.887725949747406], [29.738738443864694, -23.887523738080564], [29.738794299338288, -23.88752576219832], [29.73879293248145, -23.887460882799072], [29.739045888278312, -23.8874684520681], [29.739045538587412, -23.88745185509984], [29.73913582089898, -23.887451756769337], [29.739139420902685, -23.887466785878686], [29.73925264418132, -23.88746476884399], [29.739269713941596, -23.88765162885739], [29.739210640886878, -23.887652681247207], [29.739213584939094, -23.88771451351944], [29.738845763617867, -23.887708990650513], [29.73884500069819, -23.887672778832357], [29.738804041330244, -23.88767652742509], [29.73877942697116, -23.887676965859733], [29.738782403582455, -23.88774030662876], [29.738743021176344, -23.887741008108033], [29.738741062753174, -23.887725949747406]]]}}, {"type": "Feature", "properties": {"Id": 176, "Name": "Library Information Services", "OtherName": "", "Type": "Student Support Services", "Shape_Leng": 344.609323706, "Shape_Le_1": 344.609323706, "Shape_Area": 3237.92416209}, "geometry": {"type": "Polygon", "coordinates": [[[29.739271454092275, -23.888279501143945], [29.739267599688404, -23.88825240144166], [29.73923645374954, -23.888254465374374], [29.73923975496936, -23.88817742770459], [29.739254554852945, -23.88817867399444], [29.73925382358921, -23.88814397067773], [29.73919960942981, -23.888141918409993], [29.7392019377629, -23.88809659540767], [29.73916911950351, -23.888097180063347], [29.739169469220805, -23.888113777028497], [29.739118599781833, -23.888114683251803], [29.73911966907001, -23.88808749492687], [29.73909347765848, -23.888090980521046], [29.739092047027942, -23.88802308326654], [29.73915276082537, -23.88802200168072], [29.739180657360443, -23.88802150470991], [29.739182806612934, -23.88804561668758], [29.739258353052275, -23.888047289825224], [29.739263199456516, -23.887965696564716], [29.73921974104322, -23.887928736334597], [29.73925912349041, -23.88792803472814], [29.739264923696435, -23.887891705997117], [29.739221464328534, -23.88785474578244], [29.73925264195892, -23.887854190348275], [29.73925664361224, -23.887810346588125], [29.739218170543943, -23.88777631654683], [29.739249252778606, -23.887771234752126], [29.739255085752372, -23.88773641449063], [29.739588175296678, -23.88741803752546], [29.739592436049993, -23.887620219829433], [29.739643463264933, -23.887626856818926], [29.739585312350567, -23.887671665384005], [29.739589356604437, -23.88770781871866], [29.739635080601403, -23.887696437953203], [29.739596652144108, -23.887742404167966], [29.739599024050406, -23.887777078245797], [29.73964165674055, -23.887774808678067], [29.739598242007638, -23.88781784563287], [29.739603896011886, -23.887852460328876], [29.73964324663261, -23.887850250139802], [29.73959803230321, -23.887885771188973], [29.739605676668095, -23.88793695451517], [29.739615522032167, -23.88793677909412], [29.73965979534051, -23.887934480285566], [29.739666868341914, -23.887958504518988], [29.739683213355164, -23.88795519427444], [29.73968493656447, -23.888270625091344], [29.739271454092275, -23.888279501143945]]]}}, {"type": "Feature", "properties": {"Id": 186, "Name": "New R  Block", "OtherName": "", "Type": "Lecture Halls", "Shape_Leng": 437.924263441, "Shape_Le_1": 437.924263441, "Shape_Area": 1754.40313808}, "geometry": {"type": "MultiPolygon", "coordinates": [[[[29.740508751324512, -23.88787606261227], [29.74072616220802, -23.88787315316846], [29.74072504744727, -23.88796977402127], [29.740505333047988, -23.887963063710586], [29.740505495913244, -23.88797078928439], [29.740538052123583, -23.887970209016046], [29.740537100078576, -23.888074554550535], [29.740494021681606, -23.888074355739086], [29.740494306691417, -23.88808787526762], [29.740643453845593, -23.88808618259633], [29.74063757233561, -23.888056341053087], [29.740726798293345, -23.88805281918725], [29.74072835334848, -23.88817643985679], [29.740519202450784, -23.888172439362386], [29.740520639125858, -23.88819076787162], [29.740449185595946, -23.888190109979075], [29.740445729600832, -23.88817568124627], [29.74023653699192, -23.88816974966637], [29.740241169137338, -23.888090454504056], [29.7404721911705, -23.88808537137543], [29.740470856278346, -23.888071870559056], [29.74042672801466, -23.88807169134327], [29.740421419602825, -23.88796938972762], [29.740466618066478, -23.887970515594233], [29.740465364618288, -23.887960878015612], [29.740330919886667, -23.887962308472435], [29.740329348382595, -23.88798745245238], [29.740232689866765, -23.88798724275784], [29.740236629965214, -23.887875116379014], [29.74045729233495, -23.887876979780174], [29.740456059239655, -23.887868307559682], [29.74050537675777, -23.887865496215987], [29.740508751324512, -23.88787606261227]]], [[[29.740508262749564, -23.88785288679281], [29.74045260325622, -23.887853878825798], [29.74044457476622, -23.88767241308639], [29.740496055007284, -23.887672461271062], [29.740508262749564, -23.88785288679281]]], [[[29.74081495167507, -23.887799119749257], [29.740513546157107, -23.88780449212688], [29.740518128774216, -23.88767303446693], [29.740810867328864, -23.88765525861105], [29.74081495167507, -23.887799119749257]]]]}}, {"type": "Feature", "properties": {"Id": 188, "Name": "R Block", "OtherName": "", "Type": "Lecture Halls", "Shape_Leng": 204.645916109, "Shape_Le_1": 204.645916109, "Shape_Area": 1509.50987114}, "geometry": {"type": "Polygon", "coordinates": [[[29.74024796346472, -23.887101385163994], [29.740428337572656, -23.88709213344349], [29.740453300670357, -23.887108291722072], [29.740470551818945, -23.887615136810936], [29.740649698552062, -23.887625527941054], [29.740643897761778, -23.887661856706572], [29.740248690321437, -23.887680975583663], [29.740242895675816, -23.887561837544105], [29.74024796346472, -23.887101385163994]]]}}, {"type": "Feature", "properties": {"Id": 193, "Name": "New K Block", "OtherName": "", "Type": "lecture Hall", "Shape_Leng": 116.787667838, "Shape_Le_1": 116.787667838, "Shape_Area": 704.808626822}, "geometry": {"type": "Polygon", "coordinates": [[[29.740553393379475, -23.886327665341163], [29.740750142950276, -23.886316612411168], [29.74074552008237, -23.88640876684464], [29.74069450579011, -23.886480616917204], [29.740634842424093, -23.88653148989038], [29.740561700828113, -23.886565999882635], [29.740483192269213, -23.886579474250876], [29.74047625258419, -23.886406019009566], [29.740463252499108, -23.886412288716294], [29.74041663948373, -23.88638142214104], [29.740443071638182, -23.88631151931235], [29.740519430609286, -23.886273933034847], [29.740566170819704, -23.88631083442487], [29.740553393379475, -23.886327665341163]]]}}, {"type": "Feature", "properties": {"Id": 194, "Name": "Faculty of Science and Agriculture", "OtherName": "", "Type": "Laboratory", "Shape_Leng": 150.963993999, "Shape_Le_1": 150.963993999, "Shape_Area": 1407.5091884}, "geometry": {"type": "Polygon", "coordinates": [[[29.741318878060703, -23.886508731286533], [29.741318123799946, -23.88616158614248], [29.74146419625345, -23.886160491883654], [29.74146403716911, -23.886152947657184], [29.741514904759722, -23.88615204074587], [29.7415182822732, -23.886156508585046], [29.741672590199876, -23.886156776348646], [29.74167669110438, -23.88650687985263], [29.741318878060703, -23.886508731286533]]]}}, {"type": "Feature", "properties": {"Id": 384, "Name": "Centre for Global Change", "OtherName": "", "Type": "Research Centre", "Shape_Leng": 318.100820779, "Shape_Le_1": 318.100820779, "Shape_Area": 1102.37398637}, "geometry": {"type": "MultiPolygon", "coordinates": [[[[29.741531185843492, -23.883341569505493], [29.741532787817622, -23.88341754770226], [29.74134930237078, -23.88341114524198], [29.741352115131814, -23.883473281221622], [29.741531239813263, -23.883486671283347], [29.741521056508628, -23.88357391483174], [29.7412038925417, -23.883571277118286], [29.74120924922543, -23.88346891898067], [29.741306870558383, -23.883465796101998], [29.741313071779917, -23.8834034994354], [29.741222787531527, -23.883398198960478], [29.741226804540997, -23.88323229587976], [29.741324366471343, -23.88322641047481], [29.74130858211448, -23.883333100779648], [29.741531185843492, -23.883341569505493]]], [[[29.74160494130177, -23.882990626606112], [29.741603597203596, -23.883069420008248], [29.74153758272681, -23.883074743174205], [29.741551186223468, -23.88322098519365], [29.741420368961823, -23.883217789221305], [29.741390468428108, -23.883225232117898], [29.741395429566378, -23.883175394600375], [29.7414915485019, -23.883172298403125], [29.74149101186796, -23.883075573406472], [29.741369498958612, -23.883086031249643], [29.74136610371308, -23.88299626617104], [29.741495535087477, -23.883005014086272], [29.74149512733061, -23.882985674442537], [29.74160494130177, -23.882990626606112]]]]}}, {"type": "Feature", "properties": {"Id": 378, "Name": "Community Engagement Unit", "OtherName": "", "Type": "Research Centre", "Shape_Leng": 102.471919532, "Shape_Le_1": 102.471919532, "Shape_Area": 297.168266274}, "geometry": {"type": "MultiPolygon", "coordinates": [[[[29.741286223865274, -23.884568399384513], [29.7412704174383, -23.88461734357144], [29.741302650191454, -23.884624879220006], [29.741281869556275, -23.884704141857597], [29.741141841095036, -23.884680095149122], [29.74116355687738, -23.88456911132129], [29.741221547259727, -23.88458134947812], [29.741228155801142, -23.884552476651116], [29.741286223865274, -23.884568399384513]]], [[[29.74140602982555, -23.884508016184366], [29.741370610989936, -23.884615557431268], [29.74128911045498, -23.884591204828105], [29.741321432632752, -23.884488879539838], [29.74140602982555, -23.884508016184366]]]]}}, {"type": "Feature", "properties": {"Id": 440, "Name": "MK", "OtherName": "Mkhonto Wesizwe House", "Type": "Residence", "Shape_Leng": 182.383444415, "Shape_Le_1": 182.383444415, "Shape_Area": 681.812234564}, "geometry": {"type": "Polygon", "coordinates": [[[29.73463697238253, -23.888427166673512], [29.73462831359829, -23.88841446029535], [29.7343794035399, -23.888416314813337], [29.734384255052742, -23.888513964358054], [29.734655804334068, -23.888524566642175], [29.73465677787391, -23.88857084452334], [29.73462591272673, -23.888566249869125], [29.734618173387958, -23.888597250981775], [29.73430457299528, -23.888582251947447], [29.734293734489682, -23.88833296376754], [29.734640672286886, -23.888337081827647], [29.73463697238253, -23.888427166673512]]]}}, {"type": "Feature", "properties": {"Id": 441, "Name": "MP", "OtherName": "Trevor Huddles House", "Type": "Residence", "Shape_Leng": 108.358544841, "Shape_Le_1": 108.358544841, "Shape_Area": 348.058698147}, "geometry": {"type": "Polygon", "coordinates": [[[29.735042737874032, -23.888530690865082], [29.73504251329691, -23.88846072048077], [29.7351111287693, -23.88846064705758], [29.735113099695283, -23.888495026069172], [29.735231598823777, -23.88849406521989], [29.73523669132852, -23.888558213320177], [29.73510943820094, -23.888558182764132], [29.7351091395183, -23.888662576524254], [29.73504049981251, -23.88866150324968], [29.735036799270134, -23.888604213190774], [29.7349209631358, -23.888613156479856], [29.73492428694591, -23.88853394498522], [29.735042737874032, -23.888530690865082]]]}}, {"type": "Feature", "properties": {"Id": 442, "Name": "MH", "OtherName": "Cuba House", "Type": "Residence", "Shape_Leng": 202.579478509, "Shape_Le_1": 202.579478509, "Shape_Area": 663.671321006}, "geometry": {"type": "Polygon", "coordinates": [[[29.735354388018823, -23.88828195591454], [29.73535917586836, -23.888213043505345], [29.735106971512888, -23.888203764408175], [29.735106648671643, -23.888307011466097], [29.73537866227238, -23.88830905532493], [29.7353751456787, -23.88837909225312], [29.735042023315867, -23.888378135420893], [29.735049476242676, -23.888139400408356], [29.735370247515753, -23.888146312675126], [29.735374447302192, -23.888168033536537], [29.735425530644733, -23.888164830475773], [29.735434298808933, -23.888285122814985], [29.735354388018823, -23.88828195591454]]]}}]}