{"type": "FeatureCollection", "features": [{"type": "Feature", "properties": {"Id": 0, "Shapelengt": 2165.57089413, "WalkTime": 26.958432642, "PathType": "Sidewalk", "Accessible": 1, "Wheelchair": "Yes", "Shape_Leng": 2165.57089413, "Shape_Le_1": 26.958432642}, "geometry": {"type": "LineString", "coordinates": [[29.738575604247536, -23.88176290602655], [29.738566097522696, -23.881886890904422], [29.73855585570928, -23.882010832913775], [29.7385076866103, -23.882273559492], [29.738385287195058, -23.882724339850306], [29.7382509251074, -23.883038509190936], [29.738148559080518, -23.88329337113725], [29.73808959989458, -23.88346105866378], [29.738006132630183, -23.883742620682575], [29.737957866895044, -23.88391179561372], [29.737914845523534, -23.884114442803565], [29.737892942322063, -23.88426136001869], [29.737870906169526, -23.884451374306927], [29.737868242674235, -23.88459001921013], [29.737865580151386, -23.884728663191915], [29.737887814655842, -23.884834916514965], [29.73789066706628, -23.88525148126684], [29.737893520620165, -23.885668045979575], [29.737895563861354, -23.88596255504], [29.737904966577993, -23.886254625244987], [29.73792049784138, -23.886624650099716], [29.737931873308472, -23.886904813981158], [29.737941029415705, -23.88698992244863], [29.738036494426726, -23.88710905429609], [29.738084554133362, -23.88720810655017], [29.73803857134345, -23.8872373067839], [29.738049202933272, -23.887459900627743], [29.737871618394653, -23.887457216123714], [29.737877146581287, -23.887541900912773], [29.737730034059123, -23.887689735250994], [29.737720346455124, -23.887778454581312], [29.737851067627012, -23.88794967728153], [29.73787146333851, -23.88804273377864], [29.738045837916264, -23.888125992269448], [29.738079826412466, -23.888142844929], [29.738434021222478, -23.888297021181], [29.738677960545903, -23.888408282346024], [29.738792148292415, -23.888444547864097], [29.73918603318682, -23.888653111041453], [29.73957532214696, -23.88875951396876], [29.73979356848168, -23.888821361878833], [29.740215328403796, -23.888850073908717], [29.740296657825112, -23.888844254313657], [29.740982830231985, -23.888523858283538], [29.741574002133973, -23.88823982904673], [29.74164938414786, -23.88816096013164], [29.741739654862513, -23.888066470742213], [29.74184826382684, -23.88790044009013], [29.74205910374386, -23.886977373121567], [29.742131311937925, -23.886642723261048], [29.742139827518432, -23.88642891795183], [29.742083410524938, -23.886249000380584], [29.74200989416, -23.886126190109696], [29.741897630592327, -23.886010381292746], [29.741656979395923, -23.885859019747482], [29.741315253504226, -23.885669577252944], [29.74087991725179, -23.885426453146827], [29.740733249703922, -23.885337027797245], [29.740680671678657, -23.88530180722356], [29.740572217750003, -23.88517837690514], [29.740496994012204, -23.884982941433478], [29.740470442106105, -23.884825631994772], [29.740461425212672, -23.88473704017934], [29.740472463794944, -23.88458234878069], [29.740497291636903, -23.884488222305706], [29.740522118487625, -23.884394096748657], [29.74056986189253, -23.88428477008969], [29.740617605244402, -23.88417544432403], [29.74082162574092, -23.883678737879205], [29.74097432777077, -23.883291421729346], [29.741062527802818, -23.8830663248704], [29.74107849084523, -23.88297564431327], [29.74109445289083, -23.88288496377306], [29.741087672784488, -23.882817698036177], [29.741067035104706, -23.882686579771356], [29.74105317657527, -23.882622728161596], [29.741023606901646, -23.882570849933767], [29.740997496902313, -23.88252510689701], [29.74096408971495, -23.88246653339211], [29.740930681597654, -23.882407960796495], [29.740876214200135, -23.882367842373647], [29.740821745854362, -23.882327723945718], [29.740696523282438, -23.882237916073006], [29.740571299898225, -23.88214810809897], [29.74035075723778, -23.88203041406571], [29.740222862069647, -23.881983386122727], [29.7397964312387, -23.881849637273582], [29.739534601568952, -23.88180828183042], [29.739237590163707, -23.881793849110316], [29.739067574563848, -23.881783728121043], [29.738897559970447, -23.881773607825906], [29.738575604247536, -23.88176290602655]]}}, {"type": "Feature", "properties": {"Id": 0, "Shapelengt": 864.498209759, "WalkTime": 10.7618350524, "PathType": "Walkway", "Accessible": 1, "Wheelchair": "Yes", "Shape_Leng": 864.498209759, "Shape_Le_1": 10.7618350524}, "geometry": {"type": "LineString", "coordinates": [[29.738646275109083, -23.88083184242795], [29.73810438378694, -23.88138858589194], [29.737551936150414, -23.881810852313386], [29.737535042581808, -23.88205405681691], [29.737637367448638, -23.882209111194296], [29.737567874251493, -23.88230649729978], [29.737498379992463, -23.882403884301908], [29.73748045689549, -23.882467459124918], [29.737438702025933, -23.88270604649921], [29.7374148692284, -23.882881058165346], [29.73738120603447, -23.88311191018847], [29.73734754180211, -23.883342763128667], [29.7373103098879, -23.883404151808975], [29.7372776751358, -23.88342244425355], [29.73697733759326, -23.883534061037018], [29.736709768405216, -23.88362834287278], [29.736455117040535, -23.883824212369408], [29.736200597968402, -23.88402104125524], [29.735939086408226, -23.884147146140695], [29.735835891377707, -23.88421223793607], [29.7357326952776, -23.884277330590702], [29.73565970948653, -23.88437169503448], [29.73562554187956, -23.884415870565146], [29.735509393449473, -23.884566823456495], [29.735357229758254, -23.884741986012006], [29.73531091468522, -23.88479597614325], [29.73517179483116, -23.884954694993187], [29.73492177821562, -23.885233010467893], [29.734626434947344, -23.88558237777511], [29.73459420199301, -23.885881521443103], [29.734479341434028, -23.88617707393599], [29.734456515255776, -23.886400142551963], [29.73443368903997, -23.886623211165947], [29.734436721414294, -23.886767381433888], [29.73443975381257, -23.886911551698766]]}}, {"type": "Feature", "properties": {"Id": 0, "Shapelengt": 432.699837451, "WalkTime": 5.38652853792, "PathType": "Walkway", "Accessible": 1, "Wheelchair": "No", "Shape_Leng": 432.699837451, "Shape_Le_1": 5.38652853792}, "geometry": {"type": "LineString", "coordinates": [[29.73443975381257, -23.886911551698766], [29.73447924632089, -23.886903864578112], [29.734508294211302, -23.88689936054921], [29.734616503488198, -23.886889641748716], [29.734818149970774, -23.886924961487132], [29.734948545002037, -23.88701609276438], [29.73499333765699, -23.887048796744747], [29.73516914404165, -23.887110908292108], [29.735344950595024, -23.887173020524695], [29.73556801239056, -23.887202552915067], [29.73581820941459, -23.88723417352364], [29.736238518945765, -23.887262913723127], [29.7366859647112, -23.887293742035833], [29.736903894533288, -23.8872616513672], [29.736927128715667, -23.887235847410032], [29.73701247447956, -23.88713629381924], [29.73704631029548, -23.887103953536283], [29.737206925741617, -23.88709617735943], [29.73739112225462, -23.887087236611507], [29.73741023782905, -23.887066008708082], [29.7375004497002, -23.886966176007025], [29.73753353818915, -23.886929538379466], [29.73765107826653, -23.88692226509949], [29.737832386596462, -23.88691098893568], [29.737930981974774, -23.886904996823084], [29.738032043264543, -23.88690088044993], [29.738093722815783, -23.88690447716045], [29.7381554013866, -23.88690807386336], [29.738160189599892, -23.88693166233637], [29.738308133936602, -23.886921428305982], [29.738316577887623, -23.887010228185854], [29.738306819577456, -23.88701336863132]]}}, {"type": "Feature", "properties": {"Id": 0, "Shapelengt": 240.794571093, "WalkTime": 2.99756717406, "PathType": "Walkway", "Accessible": 1, "Wheelchair": "No", "Shape_Leng": 240.794571093, "Shape_Le_1": 2.99756717406}, "geometry": {"type": "LineString", "coordinates": [[29.738316577887623, -23.887010228185854], [29.73868709789071, -23.886999690564924], [29.738901848063037, -23.88694728063411], [29.739115872427245, -23.886895045802195], [29.73965123849486, -23.886860584212275], [29.739742875443884, -23.88677005994378], [29.739769769137492, -23.886746768964763], [29.739834660833413, -23.886679133157294], [29.739833290833484, -23.88659507751199], [29.740113200463767, -23.886572472088655], [29.740289800847467, -23.886521547007384], [29.7404664010729, -23.886470621735363]]}}, {"type": "Feature", "properties": {"Id": 0, "Shapelengt": 676.032429916, "WalkTime": 8.41569065002, "PathType": "Sidewalk", "Accessible": 1, "Wheelchair": "Yes", "Shape_Leng": 676.032429916, "Shape_Le_1": 8.41569065002}, "geometry": {"type": "LineString", "coordinates": [[29.73443975381257, -23.886911551698766], [29.734449289629673, -23.886994334245845], [29.73444787250659, -23.887083525604044], [29.73429923547225, -23.887096891975272], [29.734297925893298, -23.887338533235027], [29.734310280321733, -23.887574599260613], [29.734259848506717, -23.88816159881098], [29.73425506943717, -23.88836559156124], [29.73425932596712, -23.88887259702552], [29.734246324483323, -23.889551746938658], [29.734250646847446, -23.889921865613484], [29.734245567617673, -23.890458383309998], [29.734234228618412, -23.89072363386085], [29.73423112776708, -23.891311536187402], [29.734195026003317, -23.891311695372316], [29.734159125383098, -23.891311943933836], [29.734170353399396, -23.89141873296266], [29.734181582424753, -23.891525521970223], [29.734178260957677, -23.891625625556863], [29.73415433855541, -23.891897722759303], [29.734156232430983, -23.89198854477171], [29.734135779876496, -23.892275196089262], [29.733949531275936, -23.892362184244007], [29.733903358907636, -23.892474573563383], [29.733667154736757, -23.892547786994864]]}}, {"type": "Feature", "properties": {"Id": 0, "Shapelengt": 752.915764036, "WalkTime": 9.37278431515, "PathType": "Walkway", "Accessible": 1, "Wheelchair": "Yes", "Shape_Leng": 752.915764036, "Shape_Le_1": 9.37278431515}, "geometry": {"type": "LineString", "coordinates": [[29.733667154736757, -23.892547786994864], [29.733903358907636, -23.892474573563383], [29.734286231174455, -23.892232445486364], [29.734423172327, -23.891925090183175], [29.73448450238588, -23.891858071085164], [29.73484305865239, -23.891859933468304], [29.734884110954695, -23.891934516111302], [29.734920378406937, -23.891939611132067], [29.734956589886814, -23.8919446584023], [29.7350241523345, -23.891837732295762], [29.735091713714905, -23.891730807087963], [29.735237747718084, -23.891645140547507], [29.73541121977867, -23.891302227779942], [29.73550754576553, -23.89080997958852], [29.735650456308935, -23.890563141227787], [29.7357810883923, -23.890378692181503], [29.735792224892954, -23.89014617614955], [29.735994692497457, -23.8897934083445], [29.73616595805571, -23.889566432785085], [29.736524172857393, -23.889186793804306], [29.736937369473416, -23.88907572675353], [29.73699023984755, -23.88880722709995], [29.737013931567898, -23.888697923256622], [29.73706439151772, -23.888595645756396], [29.737134095628694, -23.888512270626897], [29.737302091466184, -23.88843043179355], [29.737473381058507, -23.8883353930995], [29.737575230983357, -23.888251445472964], [29.737677079812872, -23.888167498709738], [29.73787146333851, -23.88804273377864], [29.738106246943882, -23.888030747754446]]}}, {"type": "Feature", "properties": {"Id": 0, "Shapelengt": 101.099869746, "WalkTime": 1.25855682492, "PathType": "Walkway", "Accessible": 1, "Wheelchair": "Yes", "Shape_Leng": 101.099869746, "Shape_Le_1": 1.25855682492}, "geometry": {"type": "LineString", "coordinates": [[29.738106274348482, -23.888030790588555], [29.738120810795635, -23.88809330097392], [29.738008541817063, -23.888229016680427], [29.737896271629022, -23.888364732341596], [29.737806196968478, -23.888403479562104], [29.737716122249722, -23.888442226734508], [29.737605010782282, -23.88853706429514], [29.73757186644491, -23.88857712540405], [29.73756601623415, -23.888687962755487], [29.737591461546128, -23.888692154200495]]}}, {"type": "Feature", "properties": {"Id": 0, "Shapelengt": 115.631894352, "WalkTime": 1.43946090318, "PathType": "Walkway", "Accessible": 1, "Wheelchair": "No", "Shape_Leng": 115.631894352, "Shape_Le_1": 1.43946090318}, "geometry": {"type": "LineString", "coordinates": [[29.73787146333851, -23.88804273377864], [29.738118868408222, -23.88809344747947], [29.738411219851464, -23.88805465282561], [29.738552798330872, -23.887994859425937], [29.738694376668793, -23.88793506590722], [29.738806586280347, -23.88789651509818], [29.73896109057719, -23.887900077130002]]}}, {"type": "Feature", "properties": {"Id": 0, "Shapelengt": 236.884502325, "WalkTime": 2.94889209915, "PathType": "Walkway", "Accessible": 1, "Wheelchair": "No", "Shape_Leng": 236.884502325, "Shape_Le_1": 2.94889209915}, "geometry": {"type": "LineString", "coordinates": [[29.73896109057719, -23.887900077130002], [29.739127129882693, -23.887861368656214], [29.739269597936957, -23.887839906967113], [29.739422127667808, -23.887794814192304], [29.7395768471118, -23.88774995211904], [29.7397525149918, -23.88771733689654], [29.739940175810897, -23.88767574587822], [29.740133365684816, -23.88763243333345], [29.740219513817447, -23.88767126973875], [29.740990433583516, -23.887645461902302], [29.741031597710244, -23.887643888721524], [29.741024715677877, -23.887533731496383], [29.741026364861018, -23.887475640610763], [29.741010355725887, -23.887459495204837]]}}, {"type": "Feature", "properties": {"Id": 0, "Shapelengt": 338.253359443, "WalkTime": 4.21079745354, "PathType": "Sidewalk", "Accessible": 1, "Wheelchair": "Yes", "Shape_Leng": 338.253359443, "Shape_Le_1": 4.21079745354}, "geometry": {"type": "LineString", "coordinates": [[29.73499333765699, -23.887048796744747], [29.735286701137625, -23.887379759567295], [29.73546025072566, -23.887579307222044], [29.73564989254764, -23.887761961490217], [29.73571293062223, -23.887808311109843], [29.735804015707235, -23.88786154358782], [29.735896811707217, -23.88789318014164], [29.73605806037336, -23.887911378106963], [29.73630209719035, -23.887871494979173], [29.736856974685878, -23.88785041786892], [29.73699638958573, -23.887859304725673], [29.73732029147511, -23.88786036018335], [29.73787146333851, -23.88804273377864]]}}, {"type": "Feature", "properties": {"Id": 0, "Shapelengt": 259.161224304, "WalkTime": 3.2262071991, "PathType": "Sidewalk", "Accessible": 1, "Wheelchair": "Yes", "Shape_Leng": 259.161224304, "Shape_Le_1": 3.2262071991}, "geometry": {"type": "LineString", "coordinates": [[29.737887814655842, -23.884834916514965], [29.73805133873666, -23.88499820762872], [29.738033811281845, -23.885122188188713], [29.738016283806104, -23.885246168747987], [29.737996037752062, -23.88536601712561], [29.737981016007346, -23.885483606372702], [29.737992749944876, -23.88566638023768], [29.737997722434677, -23.88574384013464], [29.73801016251753, -23.88595948743265], [29.738012307637074, -23.885982484881207], [29.738014429985153, -23.886004074765594], [29.738019002106576, -23.886230306397557], [29.738014394115968, -23.88628201309343], [29.738023574286373, -23.88645653802205], [29.738026824687505, -23.886622756819605], [29.738032043264543, -23.88690088044993], [29.738036494426726, -23.88710905429609]]}}, {"type": "Feature", "properties": {"Id": 0, "Shapelengt": 418.544854025, "WalkTime": 5.2103181131, "PathType": "Walkway", "Accessible": 1, "Wheelchair": "No", "Shape_Leng": 418.544854025, "Shape_Le_1": 5.2103181131}, "geometry": {"type": "LineString", "coordinates": [[29.738761424175852, -23.885206625208088], [29.73869718044266, -23.885327012658493], [29.738700205344976, -23.885470612241438], [29.73881677265841, -23.885466620898278], [29.738812408220795, -23.88562185139496], [29.738805078512364, -23.885947848225914], [29.738797747874102, -23.886273845065123], [29.738807505690325, -23.886411069165995], [29.738710728504753, -23.886547892915974], [29.73868751615023, -23.886996248032332], [29.738704282895394, -23.887177295779416], [29.738698329978895, -23.88735296468526], [29.738694376668793, -23.88793506590722], [29.73871972584175, -23.888080158641966], [29.738792967435604, -23.888177054445684], [29.738792148292415, -23.888444547864097], [29.73879834911062, -23.888672938066822], [29.7388166975182, -23.88869240401787], [29.738820158659024, -23.88877151622324], [29.738809371926685, -23.888799226929844]]}}, {"type": "Feature", "properties": {"Id": 0, "Shapelengt": 1614.64638945, "WalkTime": 20.1001666805, "PathType": "Walkway", "Accessible": 1, "Wheelchair": "No", "Shape_Leng": 1614.64638945, "Shape_Le_1": 20.1001666805}, "geometry": {"type": "LineString", "coordinates": [[29.734422480004636, -23.88470526560911], [29.73517179483116, -23.884954694993187], [29.735449413430107, -23.88508090748639], [29.735727033509065, -23.885207119409397], [29.736080235982524, -23.885290164701185], [29.73648229471861, -23.885389632486067], [29.736793365092847, -23.885467509648905], [29.737241225842016, -23.885573871517266], [29.737470612381596, -23.885638938346958], [29.73776898888389, -23.885671299359057], [29.737893520620165, -23.885668045979575], [29.737992749944876, -23.88566638023768], [29.738706583939265, -23.885650682569015], [29.738817476271333, -23.88562121328286], [29.738877187626372, -23.885601301010706], [29.739090126485664, -23.885601352932284], [29.739154633726596, -23.88560264253002], [29.73915470327701, -23.885669397056013], [29.739155279234936, -23.885698131920176], [29.739205605537855, -23.885816611309902], [29.739353751071278, -23.88584287346426], [29.739544705423835, -23.88603134512376], [29.73984568415976, -23.88636956917046], [29.740201500665883, -23.886547009120754], [29.740465446850862, -23.886587072237415], [29.740561703921227, -23.8866847880508], [29.740197114130087, -23.887105180398624], [29.7401410266348, -23.887236501769337], [29.740106509491433, -23.88725147454482], [29.740160982083403, -23.887530777810014], [29.740133580939748, -23.887632400616035], [29.74004535454846, -23.887839853832933], [29.739970760667955, -23.887947914278897], [29.73975587001313, -23.88831432046132], [29.739297873463826, -23.888366904825748], [29.739301764104138, -23.888556939187787], [29.73918603318682, -23.888653111041453], [29.73913955538896, -23.888694697924116], [29.73933297410634, -23.888785454139736], [29.739482094514567, -23.888904294096168], [29.739584873393976, -23.88905724631596], [29.739650937575444, -23.88918588740212], [29.73969277805493, -23.88928167429053], [29.739722510594653, -23.889441952445047], [29.73972772882231, -23.88958023018858], [29.73975879035551, -23.88963701797612], [29.739818779070898, -23.88987505076234], [29.739860456404898, -23.890123832391374], [29.73988030645341, -23.89023528931758], [29.739902099709667, -23.890394412820886], [29.73984845286937, -23.8905414662252], [29.739803805373096, -23.89057704678457], [29.739774430928026, -23.890619311967793], [29.739345671852814, -23.890850841385777], [29.73910804327025, -23.890979302157053], [29.73885990561883, -23.89111569904703], [29.738800215500806, -23.89116547808494], [29.738701018015284, -23.891282334842735], [29.73865195672622, -23.891354766973617], [29.73863233140921, -23.891457523690907], [29.738592793617997, -23.892074513728137], [29.738554795058587, -23.892629458036776], [29.738533575110544, -23.892933076269383], [29.738515580557166, -23.89300408583823], [29.738497585006826, -23.893075095423654], [29.738443438098084, -23.893177613261297], [29.738405476647923, -23.893226079152132], [29.738367516151605, -23.89327454501843], [29.738278101144335, -23.89334782223848]]}}, {"type": "Feature", "properties": {"Id": 0, "Shapelengt": 1083.40082162, "WalkTime": 13.486876903, "PathType": "Walkway", "Accessible": 1, "Wheelchair": "Yes", "Shape_Leng": 1083.40082162, "Shape_Le_1": 13.486876903}, "geometry": {"type": "LineString", "coordinates": [[29.738592793617997, -23.892074513728137], [29.738294906990888, -23.892255647970114], [29.737956038094723, -23.89227782084337], [29.73785087964266, -23.8922850736704], [29.737575607976666, -23.89227114765578], [29.737305956999553, -23.892246362737236], [29.73722958725242, -23.89223158408853], [29.7371532185, -23.89221680538277], [29.737102543619923, -23.892171981981562], [29.737051869774923, -23.89212715944496], [29.7369853855926, -23.892026134414486], [29.736957482609892, -23.891951319236455], [29.736929579663432, -23.89187650404977], [29.73688558340127, -23.89173204348613], [29.73688141377542, -23.891672944181153], [29.736877244156254, -23.89161384487532], [29.736905183625865, -23.891551484381804], [29.73693312307132, -23.891489123885208], [29.73704726053836, -23.89135260648952], [29.73712653359797, -23.891227468060634], [29.737154642752316, -23.891173174163747], [29.73723534534969, -23.89108637560264], [29.737317527102448, -23.89099934398801], [29.73741982201566, -23.890824010294438], [29.737473847310493, -23.89070420312407], [29.73752787253448, -23.890584396844325], [29.737576530728596, -23.89040155042897], [29.737731339389782, -23.890272521597808], [29.737850455197684, -23.890036721854322], [29.73788164596095, -23.88992207580621], [29.738076541024, -23.889724889327425], [29.738231541582675, -23.889597342248013], [29.738411375244453, -23.88954422418311], [29.739135114195378, -23.889540839560954], [29.739686873646, -23.889469304552485], [29.739723624569002, -23.889448327114703], [29.739834020862453, -23.889474589649392], [29.739844900334646, -23.889553321384234], [29.739856179456122, -23.88963177974463], [29.73987937022383, -23.889737859364836], [29.73990256005717, -23.889843938994275], [29.73994462542705, -23.890029537455863], [29.739974122666464, -23.890173363637764], [29.74000362096901, -23.89031718978817], [29.73997155873556, -23.890469614069605], [29.73996573771631, -23.890497730040153], [29.74006271475118, -23.890534332750118], [29.74030439763097, -23.890513808386697], [29.740686720199005, -23.890473819684193], [29.74114410462487, -23.89041480465724], [29.741357948939843, -23.890366762782243], [29.741584842105183, -23.89017397826991], [29.741658059173034, -23.889923544806738], [29.741666388499116, -23.88978628655692], [29.741668332310987, -23.889727289705363], [29.741636125088576, -23.889643819276497], [29.741603900460152, -23.88956035907548], [29.741564332166636, -23.88943280071871], [29.74152476298208, -23.88930524236028], [29.741219553208587, -23.889273738630518]]}}, {"type": "Feature", "properties": {"Id": 0, "Shapelengt": 221.561485376, "WalkTime": 2.75814123461, "PathType": "Walkway", "Accessible": 1, "Wheelchair": "Yes", "Shape_Leng": 221.561485376, "Shape_Le_1": 2.75814123461}, "geometry": {"type": "LineString", "coordinates": [[29.73366717590656, -23.89254776676242], [29.733903358907636, -23.892474573563383], [29.734312094707608, -23.892410179635224], [29.734701447502207, -23.89234323226331], [29.734931674117156, -23.892327980424792], [29.735259315637407, -23.89221433970313], [29.735461267128965, -23.892123314241577], [29.73574730028885, -23.892017034847253]]}}, {"type": "Feature", "properties": {"Id": 0, "Shapelengt": 215.721193323, "WalkTime": 2.68543748691, "PathType": "Walkway", "Accessible": 1, "Wheelchair": "Yes", "Shape_Leng": 215.721193323, "Shape_Le_1": 2.68543748691}, "geometry": {"type": "LineString", "coordinates": [[29.735259315637407, -23.89221433970313], [29.735585337903476, -23.891485265270703], [29.73557900159124, -23.890686560410742], [29.7357810883923, -23.890378692181503]]}}, {"type": "Feature", "properties": {"Id": 0, "Shapelengt": 610.632441914, "WalkTime": 7.60154913375, "PathType": "Sidewalk", "Accessible": 1, "Wheelchair": "Yes", "Shape_Leng": 610.632441914, "Shape_Le_1": 7.60154913375}, "geometry": {"type": "LineString", "coordinates": [[29.73574730028885, -23.892017034847253], [29.735603441591945, -23.891925810332065], [29.73558020353462, -23.891674541854236], [29.735585337903476, -23.891485265270703], [29.73623647121275, -23.89147921783451], [29.736549137668636, -23.89131390506639], [29.73656152287682, -23.890587913103737], [29.73655802854559, -23.890485114064628], [29.736554830002493, -23.890382936125373], [29.73671249489183, -23.890102792164516], [29.736935689333492, -23.889731209963802], [29.737079529819155, -23.889491889321533], [29.737054040157116, -23.88920454232743], [29.737380253004396, -23.888827240261556], [29.737606632589472, -23.888777439885587], [29.737647639335723, -23.888776154688124], [29.737664447113694, -23.888771971770502], [29.737673852978364, -23.888760152445606], [29.737686317823552, -23.88872164546854], [29.737679654609998, -23.888691803243912], [29.737699392871814, -23.888654831954014], [29.737754533536727, -23.888598702861398], [29.737809673173242, -23.88854257377043], [29.737992507547574, -23.888480054300103], [29.738139773765134, -23.88847743180181], [29.738263316623293, -23.88844136639363], [29.738374885943458, -23.88840710712852], [29.73855599035477, -23.888352652276726]]}}, {"type": "Feature", "properties": {"Id": 0, "Shapelengt": 284.895231135, "WalkTime": 3.54656082578, "PathType": "Walkway", "Accessible": 1, "Wheelchair": "Yes", "Shape_Leng": 284.895231135, "Shape_Le_1": 3.54656082578}, "geometry": {"type": "LineString", "coordinates": [[29.73499332015892, -23.891597255999518], [29.73497511254168, -23.891529011710634], [29.734426293629646, -23.891513557690324], [29.734423185686346, -23.89130745704503], [29.734417725561375, -23.890945311936314], [29.734413575246904, -23.89067304521811], [29.734405637893616, -23.8901436229402], [29.734395391672383, -23.889888177958017], [29.73439341070748, -23.889866287637858], [29.734387619586332, -23.88979686570362], [29.734321364963016, -23.889706593521787], [29.734246324483323, -23.889551746938658]]}}, {"type": "Feature", "properties": {"Id": 0, "Shapelengt": 231.076384436, "WalkTime": 2.87658887634, "PathType": "Walkway", "Accessible": 1, "Wheelchair": "Yes", "Shape_Leng": 231.076384436, "Shape_Le_1": 2.87658887634}, "geometry": {"type": "LineString", "coordinates": [[29.73439051514563, -23.889831576670904], [29.734497474160417, -23.88975652394968], [29.734603262106333, -23.889644941587186], [29.734697130766754, -23.889545922507807], [29.734839827120982, -23.889389049929736], [29.735053029446856, -23.889074742016277], [29.735089387279405, -23.88896175719067], [29.73515057612565, -23.88881570090392], [29.735182791158703, -23.888666355793998], [29.73530788455393, -23.888541770506656], [29.73577318763598, -23.888262387281433]]}}, {"type": "Feature", "properties": {"Id": 0, "Shapelengt": 275.695078548, "WalkTime": 3.43203135253, "PathType": "Walkway", "Accessible": 1, "Wheelchair": "Yes", "Shape_Leng": 275.695078548, "Shape_Le_1": 3.43203135253}, "geometry": {"type": "LineString", "coordinates": [[29.73404943451242, -23.883939203136762], [29.734320128838455, -23.883807297174812], [29.734946167723063, -23.883740509781518], [29.735126215548547, -23.88371130518868], [29.735915165782004, -23.88366782801046], [29.736709768405216, -23.88362834287278]]}}, {"type": "Feature", "properties": {"Id": 0, "Shapelengt": 485.534938421, "WalkTime": 6.04425418177, "PathType": "Walkway", "Accessible": 1, "Wheelchair": "Yes", "Shape_Leng": 485.534938421, "Shape_Le_1": 6.04425418177}, "geometry": {"type": "LineString", "coordinates": [[29.735126215548547, -23.88371130518868], [29.735496957303923, -23.884003159218473], [29.735605151472857, -23.88403772178064], [29.736200597968402, -23.88402104125524], [29.737116147789497, -23.883964951125968], [29.737180001563644, -23.88396120621444], [29.73740567801052, -23.883948003003553], [29.737770562002936, -23.8842093518879], [29.73774763017343, -23.884670786372002], [29.737756555067325, -23.88518370793945], [29.73776898888389, -23.885671299359057], [29.73776794778492, -23.88578956930237], [29.737717571217534, -23.885797805713352], [29.737607649656294, -23.885854194301057]]}}, {"type": "Feature", "properties": {"Id": 0, "Shapelengt": 356.070782642, "WalkTime": 4.43260030676, "PathType": "Walkway", "Accessible": 1, "Wheelchair": "Yes", "Shape_Leng": 356.070782642, "Shape_Le_1": 4.43260030676}, "geometry": {"type": "LineString", "coordinates": [[29.734320128838455, -23.883807297174812], [29.734347547407552, -23.884046603645306], [29.73458089068954, -23.884184851818365], [29.734795989969932, -23.884259563485315], [29.735040353888557, -23.884304303352785], [29.73527313632455, -23.884306053868766], [29.73550591870987, -23.88430780312917], [29.73565970948653, -23.88437169503448], [29.736286807591647, -23.884582533273495], [29.7368030846507, -23.884580158136515], [29.737267548138814, -23.8845577997311], [29.73746002069315, -23.884553116264122]]}}, {"type": "Feature", "properties": {"Id": 0, "Shapelengt": 32.0773305388, "WalkTime": 0.399319439049, "PathType": "Walkway", "Accessible": 1, "Wheelchair": "Yes", "Shape_Leng": 32.0773305388, "Shape_Le_1": 0.399319439049}, "geometry": {"type": "LineString", "coordinates": [[29.73746002069315, -23.884553116264122], [29.73774763017343, -23.884670786372002]]}}, {"type": "Feature", "properties": {"Id": 0, "Shapelengt": 237.220855107, "WalkTime": 2.95307923699, "PathType": "Sidewalk", "Accessible": 1, "Wheelchair": "Yes", "Shape_Leng": 237.220855107, "Shape_Le_1": 2.95307923699}, "geometry": {"type": "LineString", "coordinates": [[29.734347547407552, -23.884046603645306], [29.734422480004636, -23.88470526560911], [29.734431909981996, -23.88499034142284], [29.734461232001294, -23.885251233560624], [29.734462663083573, -23.88531927635875], [29.73449665010244, -23.885437431739728], [29.73448022182635, -23.885555035057394], [29.734479341434028, -23.88617707393599]]}}, {"type": "Feature", "properties": {"Id": 0, "Shapelengt": 104.870799441, "WalkTime": 1.30549980632, "PathType": "Walkway", "Accessible": 1, "Wheelchair": "Yes", "Shape_Leng": 104.870799441, "Shape_Le_1": 1.30549980632}, "geometry": {"type": "LineString", "coordinates": [[29.734422480004636, -23.88470526560911], [29.734795989969932, -23.884259563485315], [29.734786331986662, -23.884068953188955], [29.734926075010513, -23.88406283518215], [29.734924102986163, -23.88399866762297]]}}, {"type": "Feature", "properties": {"Id": 0, "Shapelengt": 681.11853526, "WalkTime": 8.47900579186, "PathType": "Sidewalk", "Accessible": 1, "Wheelchair": "Yes", "Shape_Leng": 681.11853526, "Shape_Le_1": 8.47900579186}, "geometry": {"type": "LineString", "coordinates": [[29.734347547407552, -23.884046603645306], [29.734617762043964, -23.883896843397167], [29.735055637525644, -23.883796582118297], [29.735126215548547, -23.88371130518868], [29.735121002050366, -23.883557298073292], [29.73512998563799, -23.883506277102974], [29.735262653608295, -23.88347848727806], [29.735397064576283, -23.88345890207191], [29.73551161886854, -23.883395455141585], [29.735556246394548, -23.883369375553887], [29.735605474319513, -23.88328180488669], [29.735622297600322, -23.883147852089607], [29.73561426860528, -23.882952931250603], [29.735606239684767, -23.882758011306827], [29.73562678379793, -23.882626617825487], [29.735647328864694, -23.88249522432574], [29.735653313270344, -23.882182268319905], [29.73563329773492, -23.882036880317447], [29.735727790824942, -23.881860230017683], [29.73588221776556, -23.881614782809574], [29.73594143855857, -23.881512133278346], [29.736011507047465, -23.88134156188791], [29.736086363753394, -23.88125274454789], [29.736161220378527, -23.881163928082024], [29.73635530884363, -23.881053235268663], [29.736803456438068, -23.881056549965578], [29.737196263038857, -23.88105520290026], [29.737723818583277, -23.88104016802722], [29.738251372848367, -23.881025132273145], [29.738635508585627, -23.880837095621537]]}}, {"type": "Feature", "properties": {"Id": 0, "Shapelengt": 156.816388072, "WalkTime": 1.95215222298, "PathType": "Walkway", "Accessible": 1, "Wheelchair": "Yes", "Shape_Leng": 156.816388072, "Shape_Le_1": 1.95215222298}, "geometry": {"type": "LineString", "coordinates": [[29.735496957303923, -23.884003159218473], [29.73550591870987, -23.88430780312917], [29.735509393449473, -23.884566823456495], [29.735507641095104, -23.884690625268725], [29.735627770018414, -23.884809136059776], [29.735727033509065, -23.885207119409397], [29.7355579359608, -23.88522988532865]]}}, {"type": "Feature", "properties": {"Id": 0, "Shapelengt": 156.437852867, "WalkTime": 1.94743997096, "PathType": "Walkway", "Accessible": 1, "Wheelchair": "Yes", "Shape_Leng": 156.437852867, "Shape_Le_1": 1.94743997096}, "geometry": {"type": "LineString", "coordinates": [[29.737018595921526, -23.88376512471096], [29.736845536533124, -23.883838643945534], [29.736847204161087, -23.883981427625294], [29.736866364995496, -23.884138580768436], [29.736739287975137, -23.884307679700044], [29.7368030846507, -23.884580158136515], [29.736811275753205, -23.884796900305613], [29.736809824899762, -23.884900365938492], [29.736763066595657, -23.885023920813374]]}}, {"type": "Feature", "properties": {"Id": 0, "Shapelengt": 194.917795622, "WalkTime": 2.42646328423, "PathType": "Walkway", "Accessible": 1, "Wheelchair": "Yes", "Shape_Leng": 194.917795622, "Shape_Le_1": 2.42646328423}, "geometry": {"type": "LineString", "coordinates": [[29.736840976265103, -23.886047559290816], [29.736595516033805, -23.885593619938085], [29.73648229471861, -23.885389632486067], [29.736425403300423, -23.885212569984578], [29.736368693458413, -23.88503587155236], [29.7363274547951, -23.884808843511447], [29.736286807591647, -23.884582533273495], [29.736304963086848, -23.8843887405451]]}}, {"type": "Feature", "properties": {"Id": 0, "Shapelengt": 152.851456794, "WalkTime": 1.90279418391, "PathType": "Walkway", "Accessible": 1, "Wheelchair": "Yes", "Shape_Leng": 152.851456794, "Shape_Le_1": 1.90279418391}, "geometry": {"type": "LineString", "coordinates": [[29.737241225842016, -23.885573871517266], [29.737011838039223, -23.885206368699002], [29.736906606209256, -23.885084115563558], [29.736860137642342, -23.885018971079777], [29.736786446248033, -23.88496214336818], [29.736575053512848, -23.884890060999133], [29.736361005289805, -23.88475988539811], [29.736286807591647, -23.884582533273495]]}}, {"type": "Feature", "properties": {"Id": 0, "Shapelengt": 81.3893347264, "WalkTime": 1.01318728652, "PathType": "Walkway", "Accessible": 1, "Wheelchair": "Yes", "Shape_Leng": 81.3893347264, "Shape_Le_1": 1.01318728652}, "geometry": {"type": "LineString", "coordinates": [[29.736080235982524, -23.885290164701185], [29.736199284813427, -23.88497975308526], [29.736286807591647, -23.884582533273495]]}}, {"type": "Feature", "properties": {"Id": 0, "Shapelengt": 127.696188679, "WalkTime": 1.58964507257, "PathType": "Sidewalk", "Accessible": 1, "Wheelchair": "Yes", "Shape_Leng": 127.696188679, "Shape_Le_1": 1.58964507257}, "geometry": {"type": "LineString", "coordinates": [[29.736286807591647, -23.884582533273495], [29.73569925660378, -23.884584450809452], [29.735507641095104, -23.884690625268725], [29.73517179483116, -23.884954694993187]]}}, {"type": "Feature", "properties": {"Id": 0, "Shapelengt": 177.07226018, "WalkTime": 2.20431047155, "PathType": "Walkway", "Accessible": 1, "Wheelchair": "Yes", "Shape_Leng": 177.07226018, "Shape_Le_1": 2.20431047155}, "geometry": {"type": "LineString", "coordinates": [[29.737756555067325, -23.88518370793945], [29.737011838039223, -23.885206368699002], [29.736793365092847, -23.885467509648905], [29.736806482746772, -23.885882092273256], [29.736840976265103, -23.886047559290816]]}}, {"type": "Feature", "properties": {"Id": 0, "Shapelengt": 97.0819540816, "WalkTime": 1.20853920181, "PathType": "Walkway", "Accessible": 1, "Wheelchair": "Yes", "Shape_Leng": 97.0819540816, "Shape_Le_1": 1.20853920181}, "geometry": {"type": "LineString", "coordinates": [[29.737018595921526, -23.88376512471096], [29.737957866895044, -23.88391179561372]]}}, {"type": "Feature", "properties": {"Id": 0, "Shapelengt": 216.523492482, "WalkTime": 2.69542502779, "PathType": "Walkway", "Accessible": 1, "Wheelchair": "Yes", "Shape_Leng": 216.523492482, "Shape_Le_1": 2.69542502779}, "geometry": {"type": "LineString", "coordinates": [[29.73492177821562, -23.885233010467893], [29.73519990720028, -23.885411737070566], [29.73535841788037, -23.885499578224568], [29.735554509406928, -23.885547342784427], [29.735994562032047, -23.885710354732197], [29.73648131799568, -23.885885348542487], [29.736840976265103, -23.886047559290816]]}}, {"type": "Feature", "properties": {"Id": 0, "Shapelengt": 103.34772937, "WalkTime": 1.2865396411, "PathType": "Walkway", "Accessible": 1, "Wheelchair": "Yes", "Shape_Leng": 103.34772937, "Shape_Le_1": 1.2865396411}, "geometry": {"type": "LineString", "coordinates": [[29.736840976265103, -23.886047559290816], [29.73776898888389, -23.885671299359057]]}}, {"type": "Feature", "properties": {"Id": 0, "Shapelengt": 140.719305594, "WalkTime": 1.75176528811, "PathType": "Sidewalk", "Accessible": 1, "Wheelchair": "Yes", "Shape_Leng": 140.719305594, "Shape_Le_1": 1.75176528811}, "geometry": {"type": "LineString", "coordinates": [[29.736840976265103, -23.886047559290816], [29.736905692455814, -23.886101004183313], [29.736909120555605, -23.886321427713845], [29.73691188898114, -23.88674858009528], [29.736854406093798, -23.886812843675308], [29.736849183415664, -23.886914497323012], [29.736831026930687, -23.8869847839793], [29.736848020166427, -23.8870341332272], [29.736903894533288, -23.8872616513672]]}}, {"type": "Feature", "properties": {"Id": 0, "Shapelengt": 71.0730523051, "WalkTime": 0.884763504358, "PathType": "Sidewalk", "Accessible": 1, "Wheelchair": "Yes", "Shape_Leng": 71.0730523051, "Shape_Le_1": 0.884763504358}, "geometry": {"type": "LineString", "coordinates": [[29.736903894533288, -23.8872616513672], [29.736977043752283, -23.88729205121355], [29.73698230677242, -23.88746151684689], [29.736987022782017, -23.887610733689627], [29.73699638958573, -23.887859304725673]]}}, {"type": "Feature", "properties": {"Id": 0, "Shapelengt": 6.36076867915, "WalkTime": 0.0791829787022, "PathType": "Walkway", "Accessible": 1, "Wheelchair": "No", "Shape_Leng": 6.36076867915, "Shape_Le_1": 0.0791829787022}, "geometry": {"type": "LineString", "coordinates": [[29.73699638958573, -23.887859304725673], [29.737042386582004, -23.88782050054008]]}}, {"type": "Feature", "properties": {"Id": 0, "Shapelengt": 337.345368327, "WalkTime": 4.19949419055, "PathType": "Walkway", "Accessible": 1, "Wheelchair": "Yes", "Shape_Leng": 337.345368327, "Shape_Le_1": 4.19949419055}, "geometry": {"type": "LineString", "coordinates": [[29.734310280321733, -23.887574599260613], [29.734422863931993, -23.887653539307802], [29.734567259594794, -23.88791526755267], [29.734918122401233, -23.88824849362187], [29.73513947849903, -23.888458261847084], [29.73530788455393, -23.888541770506656], [29.735425276822532, -23.88880115945751], [29.735633687596998, -23.888838532674818], [29.73579820330343, -23.88888943239176], [29.73573696399323, -23.888982824451453], [29.73570560015688, -23.889082522610146], [29.73575163760667, -23.88915007579507], [29.73589816662696, -23.88922267761224], [29.736223236051764, -23.889298939699206], [29.736524172857393, -23.889186793804306]]}}, {"type": "Feature", "properties": {"Id": 0, "Shapelengt": 521.83128532, "WalkTime": 6.49609467596, "PathType": "Sidewalk", "Accessible": 1, "Wheelchair": "Yes", "Shape_Leng": 521.83128532, "Shape_Le_1": 6.49609467596}, "geometry": {"type": "LineString", "coordinates": [[29.735650456308935, -23.890563141227787], [29.735553064364815, -23.890544742846984], [29.73542940162613, -23.890349822643973], [29.735339133455145, -23.890370382102226], [29.735225348957037, -23.890287882123545], [29.735138844391404, -23.890060140159303], [29.7350931729835, -23.889940198338778], [29.734910824470408, -23.889460499759046], [29.734839827120982, -23.889389049929736], [29.73480231947329, -23.889314801266245], [29.734702065911556, -23.889219633869196], [29.734640071168705, -23.889120481710506], [29.734594334771895, -23.888996802482385], [29.734591369319432, -23.888855836919706], [29.734641018675017, -23.888766816646644], [29.734787428301455, -23.888663957771165], [29.73483575878917, -23.888548696819758], [29.7348818809668, -23.88837760303161], [29.734918122401233, -23.88824849362187], [29.73499009955427, -23.888174514160927], [29.735069061917482, -23.88812560769332], [29.735258163584913, -23.888083936155], [29.735461965699265, -23.888071632533823], [29.73559667021281, -23.88806204450627], [29.735749343552065, -23.88803115066323], [29.735822566575678, -23.887984357725088], [29.735943425449143, -23.88799130579829], [29.736412273991853, -23.887970701422358], [29.73690221008695, -23.887963699785]]}}, {"type": "Feature", "properties": {"Id": 0, "Shapelengt": 268.107896993, "WalkTime": 3.33758119, "PathType": "Walkway", "Accessible": 1, "Wheelchair": "Yes", "Shape_Leng": 268.107896993, "Shape_Le_1": 3.33758119}, "geometry": {"type": "LineString", "coordinates": [[29.734567259594794, -23.88791526755267], [29.734811593554866, -23.888606327296582], [29.734939241475647, -23.88874189631659], [29.735078322130605, -23.88873942233511], [29.735177424977138, -23.888881559494862], [29.735204273877933, -23.888947418980354], [29.735335972360694, -23.889076494843298], [29.735405009130666, -23.889096333853722], [29.735543729592933, -23.889121739144695], [29.73575163760667, -23.88915007579507], [29.7359203732908, -23.889291111470605], [29.735957100435243, -23.889372179797235], [29.736049721976443, -23.889480907470723], [29.736099588848443, -23.889545799366676], [29.73616595805571, -23.889566432785085]]}}, {"type": "Feature", "properties": {"Id": 0, "Shapelengt": 59.079019003, "WalkTime": 0.735453989829, "PathType": "Walkway", "Accessible": 1, "Wheelchair": " Yes", "Shape_Leng": 59.079019003, "Shape_Le_1": 0.735453989829}, "geometry": {"type": "LineString", "coordinates": [[29.736069210470934, -23.89110866909446], [29.73655754242572, -23.89082125840779]]}}, {"type": "Feature", "properties": {"Id": 0, "Shapelengt": 77.2742625449, "WalkTime": 0.961960196003, "PathType": "Walkway", "Accessible": 1, "Wheelchair": "Yes", "Shape_Leng": 77.2742625449, "Shape_Le_1": 0.961960196003}, "geometry": {"type": "LineString", "coordinates": [[29.736069210470934, -23.89110866909446], [29.735656443755754, -23.89070966852426], [29.735650456308935, -23.890563141227787]]}}, {"type": "Feature", "properties": {"Id": 0, "Shapelengt": 58.8683926387, "WalkTime": 0.732831976083, "PathType": "Walkway", "Accessible": 1, "Wheelchair": "Yes", "Shape_Leng": 58.8683926387, "Shape_Le_1": 0.732831976083}, "geometry": {"type": "LineString", "coordinates": [[29.736069210470934, -23.89110866909446], [29.736103847608998, -23.89057841033615]]}}, {"type": "Feature", "properties": {"Id": 0, "Shapelengt": 78.7827198449, "WalkTime": 0.980738451947, "PathType": "Walkway", "Accessible": 1, "Wheelchair": "Yes", "Shape_Leng": 78.7827198449, "Shape_Le_1": 0.980738451947}, "geometry": {"type": "LineString", "coordinates": [[29.736103847608998, -23.89057841033615], [29.735862827285242, -23.890909168970463], [29.735582169671517, -23.891085912850812]]}}, {"type": "Feature", "properties": {"Id": 0, "Shapelengt": 82.3289001974, "WalkTime": 1.02488360759, "PathType": "Walkway", "Accessible": 1, "Wheelchair": "Yes", "Shape_Leng": 82.3289001974, "Shape_Le_1": 1.02488360759}, "geometry": {"type": "LineString", "coordinates": [[29.7357810883923, -23.890378692181503], [29.735815597156794, -23.89042393013435], [29.736037412564325, -23.890413796878136], [29.736242479755525, -23.890407054395567], [29.73633611704085, -23.890380641917723], [29.73646021536183, -23.890362968098387], [29.736554830002493, -23.890382936125373]]}}, {"type": "Feature", "properties": {"Id": 0, "Shapelengt": 152.524870085, "WalkTime": 1.89872862051, "PathType": "Walkway", "Accessible": 1, "Wheelchair": "Yes", "Shape_Leng": 152.524870085, "Shape_Le_1": 1.89872862051}, "geometry": {"type": "LineString", "coordinates": [[29.734413575246904, -23.89067304521811], [29.735339133455145, -23.890370382102226], [29.735792224892954, -23.89014617614955]]}}, {"type": "Feature", "properties": {"Id": 0, "Shapelengt": 61.1753437583, "WalkTime": 0.761550401572, "PathType": "Walkway", "Accessible": 1, "Wheelchair": "Yes", "Shape_Leng": 61.1753437583, "Shape_Le_1": 0.761550401572}, "geometry": {"type": "LineString", "coordinates": [[29.734923480605108, -23.890713986505244], [29.735384267544887, -23.890360102379418]]}}, {"type": "Feature", "properties": {"Id": 0, "Shapelengt": 207.570525129, "WalkTime": 2.58397267682, "PathType": "Walkway", "Accessible": 1, "Wheelchair": " Yes", "Shape_Leng": 207.570525129, "Shape_Le_1": 2.58397267682}, "geometry": {"type": "LineString", "coordinates": [[29.733832695295927, -23.89152545990341], [29.734423185686346, -23.89130745704503], [29.73492613268186, -23.891308447968573], [29.735025745006148, -23.890963800658835], [29.73550754576553, -23.89080997958852]]}}, {"type": "Feature", "properties": {"Id": 0, "Shapelengt": 144.563552235, "WalkTime": 1.79962096645, "PathType": "Walkway", "Accessible": 1, "Wheelchair": "Yes", "Shape_Leng": 144.563552235, "Shape_Le_1": 1.79962096645}, "geometry": {"type": "LineString", "coordinates": [[29.734839827120982, -23.889389049929736], [29.734900847679697, -23.889389586397222], [29.735049560820798, -23.889403837609592], [29.735331620961762, -23.889401762153756], [29.735427939043788, -23.889402057635383], [29.735706959687096, -23.889397535515055], [29.735780214814383, -23.889381522382706], [29.735809468938584, -23.889352561739674], [29.7359203732908, -23.889291111470605], [29.736223236051764, -23.889298939699206]]}}, {"type": "Feature", "properties": {"Id": 0, "Shapelengt": 55.8152208418, "WalkTime": 0.694824111064, "PathType": "Walkway", "Accessible": 1, "Wheelchair": "Yes", "Shape_Leng": 55.8152208418, "Shape_Le_1": 0.694824111064}, "geometry": {"type": "LineString", "coordinates": [[29.73616595805571, -23.889566432785085], [29.736223236051764, -23.889298939699206], [29.73609497664011, -23.889100271396927]]}}, {"type": "Feature", "properties": {"Id": 0, "Shapelengt": 20.1614790863, "WalkTime": 0.250983182949, "PathType": "Walkway", "Accessible": 1, "Wheelchair": "Yes", "Shape_Leng": 20.1614790863, "Shape_Le_1": 0.250983182949}, "geometry": {"type": "LineString", "coordinates": [[29.736524172857393, -23.889186793804306], [29.736639019166823, -23.889334943109976]]}}, {"type": "Feature", "properties": {"Id": 0, "Shapelengt": 165.680583493, "WalkTime": 2.06249948329, "PathType": "Walkway", "Accessible": 1, "Wheelchair": "Yes", "Shape_Leng": 165.680583493, "Shape_Le_1": 2.06249948329}, "geometry": {"type": "LineString", "coordinates": [[29.73579820330343, -23.88888943239176], [29.735885499076065, -23.88870955326446], [29.736007660331804, -23.88850081304826], [29.73614091710487, -23.88833894936741], [29.736452761301774, -23.88835621243503], [29.736549837795724, -23.888288174717466], [29.73690221008695, -23.887963699785]]}}, {"type": "Feature", "properties": {"Id": 0, "Shapelengt": 83.5502504957, "WalkTime": 1.04008776915, "PathType": "Walkway", "Accessible": 1, "Wheelchair": "Yes", "Shape_Leng": 83.5502504957, "Shape_Le_1": 1.04008776915}, "geometry": {"type": "LineString", "coordinates": [[29.734422863931993, -23.887653539307802], [29.734733729313117, -23.88762756799477], [29.73485355970804, -23.887505997351496], [29.734890407309898, -23.887468648952783], [29.734856643896308, -23.8873140955046], [29.73491252742092, -23.887234450062294]]}}, {"type": "Feature", "properties": {"Id": 0, "Shapelengt": 107.402343346, "WalkTime": 1.33701410863, "PathType": "Walkway", "Accessible": 1, "Wheelchair": "Yes", "Shape_Leng": 107.402343346, "Shape_Le_1": 1.33701410863}, "geometry": {"type": "LineString", "coordinates": [[29.73546025072566, -23.887579307222044], [29.73588148113157, -23.887725442278494], [29.73630209719035, -23.887871494979173], [29.736412273991853, -23.887970701422358]]}}, {"type": "Feature", "properties": {"Id": 0, "Shapelengt": 85.6145973244, "WalkTime": 1.0657860989, "PathType": "Walkway", "Accessible": 1, "Wheelchair": "Yes", "Shape_Leng": 85.6145973244, "Shape_Le_1": 1.0657860989}, "geometry": {"type": "LineString", "coordinates": [[29.73792049784138, -23.886624650099716], [29.738026824687505, -23.886622756819605], [29.738300199630373, -23.88661384620925], [29.73830034203721, -23.88656850706514], [29.738710728504753, -23.886547892915974]]}}, {"type": "Feature", "properties": {"Id": 0, "Shapelengt": 1044.24966431, "WalkTime": 12.9994978752, "PathType": "Walkway", "Accessible": 1, "Wheelchair": "No", "Shape_Leng": 1044.24966431, "Shape_Le_1": 12.9994978752}, "geometry": {"type": "LineString", "coordinates": [[29.73704631029548, -23.887103953536283], [29.7370553566488, -23.887056458537106], [29.736947083066067, -23.88695182323537], [29.737062277594518, -23.8868522527784], [29.737138637737417, -23.886781413803202], [29.73715543673415, -23.88670325762996], [29.737152082122087, -23.886429703625414], [29.737322997188574, -23.88635116052483], [29.737360256258437, -23.88635419586924], [29.737469818898795, -23.886366603069845], [29.737904966577993, -23.886254625244987], [29.738014394115968, -23.88628201309343], [29.73829035367651, -23.886285727351034], [29.738797747874102, -23.886273845065123], [29.739044290807765, -23.886280389718586], [29.73923466825831, -23.886272221240638], [29.73931431886247, -23.886339966948697], [29.73963887242711, -23.886334184748996], [29.739683594781315, -23.88637245723875], [29.73984568415976, -23.88636956917046], [29.740085430607856, -23.8863203549625], [29.740272503769006, -23.886303047160926], [29.740442716844374, -23.88626698151394], [29.74078920973331, -23.886235826203382], [29.740921604835286, -23.88608065040675], [29.740920792639237, -23.885963909204875], [29.740919980474978, -23.8858471689035], [29.740881378427172, -23.88566579688469], [29.740873958864107, -23.885634089218954], [29.7409159473707, -23.885585888679856], [29.741188106526387, -23.885773398944256], [29.741315253504226, -23.885669577252944], [29.74144330855758, -23.885408760002118], [29.74149872286144, -23.88512951178106], [29.741676583133245, -23.884992485507382], [29.741848121206218, -23.884547723485202], [29.741863081512644, -23.884369627840705], [29.741878256777373, -23.884053853587428], [29.74189343305117, -23.883738080212627], [29.741896782285963, -23.883316202677342], [29.741900037239766, -23.88291116645133], [29.741902001369173, -23.88266521738255], [29.741887836064834, -23.88258516077492], [29.741176802116527, -23.882592099909047], [29.741023606901646, -23.882570849933767]]}}, {"type": "Feature", "properties": {"Id": 0, "Shapelengt": 42.6030045318, "WalkTime": 0.53034986346, "PathType": "Walkway", "Accessible": 1, "Wheelchair": "Yes", "Shape_Leng": 42.6030045318, "Shape_Le_1": 0.53034986346}, "geometry": {"type": "LineString", "coordinates": [[29.737895563861354, -23.88596255504], [29.73801016251753, -23.88595948743265], [29.738012307637074, -23.885982484881207], [29.738290490248787, -23.885973778497103]]}}, {"type": "Feature", "properties": {"Id": 0, "Shapelengt": 47.0270040353, "WalkTime": 0.585422681878, "PathType": "Walkway", "Accessible": 1, "Wheelchair": "Yes", "Shape_Leng": 47.0270040353, "Shape_Le_1": 0.585422681878}, "geometry": {"type": "LineString", "coordinates": [[29.738287637406767, -23.88589546497833], [29.738290490248787, -23.885973778497103], [29.738302111365325, -23.88608569373765], [29.738483697857323, -23.88608395634483], [29.738479069691376, -23.886034554971868], [29.73849721616078, -23.886031221811642]]}}, {"type": "Feature", "properties": {"Id": 0, "Shapelengt": 28.1839416183, "WalkTime": 0.350852005705, "PathType": "Walkway", "Accessible": 1, "Wheelchair": "Yes", "Shape_Leng": 28.1839416183, "Shape_Le_1": 0.350852005705}, "geometry": {"type": "LineString", "coordinates": [[29.737996037752062, -23.88536601712561], [29.738272262008152, -23.885352984645618]]}}, {"type": "Feature", "properties": {"Id": 0, "Shapelengt": 17.9850067464, "WalkTime": 0.223889042032, "PathType": "Walkway", "Accessible": 1, "Wheelchair": "Yes", "Shape_Leng": 17.9850067464, "Shape_Le_1": 0.223889042032}, "geometry": {"type": "LineString", "coordinates": [[29.73827078146497, -23.88528268835415], [29.738272262008152, -23.885352984645618], [29.738271257504408, -23.885444962790174]]}}, {"type": "Feature", "properties": {"Id": 0, "Shapelengt": 26.0095755265, "WalkTime": 0.323784084732, "PathType": "Walkway", "Accessible": 1, "Wheelchair": "Yes", "Shape_Leng": 26.0095755265, "Shape_Le_1": 0.323784084732}, "geometry": {"type": "LineString", "coordinates": [[29.73805133873666, -23.88499820762872], [29.738258627390245, -23.88513516005636]]}}, {"type": "Feature", "properties": {"Id": 0, "Shapelengt": 36.8662865878, "WalkTime": 0.45893547352, "PathType": "Walkway", "Accessible": 1, "Wheelchair": "Yes", "Shape_Leng": 36.8662865878, "Shape_Le_1": 0.45893547352}, "geometry": {"type": "LineString", "coordinates": [[29.737887814655842, -23.884834916514965], [29.73823706646512, -23.884921743832205]]}}, {"type": "Feature", "properties": {"Id": 0, "Shapelengt": 23.7155682912, "WalkTime": 0.295226793118, "PathType": "Walkway", "Accessible": 1, "Wheelchair": "Yes", "Shape_Leng": 23.7155682912, "Shape_Le_1": 0.295226793118}, "geometry": {"type": "LineString", "coordinates": [[29.73752863235775, -23.885227007455992], [29.737756555067325, -23.88518370793945]]}}, {"type": "Feature", "properties": {"Id": 0, "Shapelengt": 237.799706045, "WalkTime": 2.96028514933, "PathType": "Walkway", "Accessible": 1, "Wheelchair": "Yes", "Shape_Leng": 237.799706045, "Shape_Le_1": 2.96028514933}, "geometry": {"type": "LineString", "coordinates": [[29.738049202933272, -23.887459900627743], [29.7380484204512, -23.887558412842207], [29.738317725002116, -23.88755463600775], [29.73831856691372, -23.88748938421233], [29.738305146948036, -23.887446606142205], [29.73831684379969, -23.887259813050512], [29.73831558845029, -23.887194297153155], [29.738306719761677, -23.887013383044522], [29.738316577887623, -23.887010228185854], [29.738308823608612, -23.886928680603148], [29.73830878660774, -23.886832091870936], [29.738302171306746, -23.886707454585817], [29.738300199630373, -23.88661384620925], [29.73830034203721, -23.88656850706514], [29.738298227983115, -23.886520238733596], [29.7382949990069, -23.886385437153635], [29.738290522786045, -23.886294035870783], [29.738286046578413, -23.886202634586265], [29.738302109497972, -23.886085698283615], [29.738302111365325, -23.88608569373765], [29.738290725772096, -23.885983982080273], [29.738287637406767, -23.88589546497833], [29.738295379893888, -23.88576609537465]]}}, {"type": "Feature", "properties": {"Id": 0, "Shapelengt": 87.1632126117, "WalkTime": 1.08506426754, "PathType": "Walkway", "Accessible": 1, "Wheelchair": "Yes", "Shape_Leng": 87.1632126117, "Shape_Le_1": 1.08506426754}, "geometry": {"type": "LineString", "coordinates": [[29.739124908179996, -23.886175575370796], [29.739248271724453, -23.886102047034775], [29.739438135785836, -23.886093984041928], [29.739544705423835, -23.88603134512376], [29.73961843286975, -23.88593925462175], [29.739610636652476, -23.8857778201404], [29.739518924368276, -23.885779406262312]]}}, {"type": "Feature", "properties": {"Id": 0, "Shapelengt": 42.8894273442, "WalkTime": 0.533915440611, "PathType": "Walkway", "Accessible": 1, "Wheelchair": "Yes", "Shape_Leng": 42.8894273442, "Shape_Le_1": 0.533915440611}, "geometry": {"type": "LineString", "coordinates": [[29.739124908179996, -23.886175575370796], [29.73913504809251, -23.88609020091024], [29.73913219063906, -23.886033636130136], [29.739131413934274, -23.885924652436163], [29.739129263349604, -23.885856866369053], [29.73912704032987, -23.88578918267652]]}}, {"type": "Feature", "properties": {"Id": 0, "Shapelengt": 65.2272249169, "WalkTime": 0.811990849209, "PathType": "Walkway", "Accessible": 1, "Wheelchair": "Yes", "Shape_Leng": 65.2272249169, "Shape_Le_1": 0.811990849209}, "geometry": {"type": "LineString", "coordinates": [[29.739544705423835, -23.88603134512376], [29.739860393947968, -23.88601872573957], [29.739949535982397, -23.886021484917553], [29.74018408544114, -23.886009016399314]]}}, {"type": "Feature", "properties": {"Id": 0, "Shapelengt": 117.893078764, "WalkTime": 1.46760959497, "PathType": "Walkway", "Accessible": 1, "Wheelchair": "Yes", "Shape_Leng": 117.893078764, "Shape_Le_1": 1.46760959497}, "geometry": {"type": "LineString", "coordinates": [[29.74037808898343, -23.885497540881076], [29.740130878030918, -23.88550654114098], [29.7401459838184, -23.885666082631378], [29.740881378427172, -23.88566579688469]]}}, {"type": "Feature", "properties": {"Id": 0, "Shapelengt": 153.20533506, "WalkTime": 1.90719949035, "PathType": "Walkway", "Accessible": 1, "Wheelchair": "Yes", "Shape_Leng": 153.20533506, "Shape_Le_1": 1.90719949035}, "geometry": {"type": "LineString", "coordinates": [[29.73868709789071, -23.886999690564924], [29.738777056191196, -23.886799719924127], [29.73877303157985, -23.88660867879706], [29.739222645688233, -23.886603936177334], [29.739833290833484, -23.88659507751199]]}}, {"type": "Feature", "properties": {"Id": 0, "Shapelengt": 226.459994655, "WalkTime": 2.81912105881, "PathType": "Walkway", "Accessible": 1, "Wheelchair": "Yes", "Shape_Leng": 226.459994655, "Shape_Le_1": 2.81912105881}, "geometry": {"type": "LineString", "coordinates": [[29.739842887391518, -23.886656829128654], [29.739833290833484, -23.88659507751199], [29.73984568415976, -23.88636956917046], [29.739937386422554, -23.886249098160327], [29.739949535982397, -23.886021484917553], [29.73991054047738, -23.88587643521959], [29.739958507334222, -23.88577640902977], [29.740079035158082, -23.885646755401343], [29.740054036828678, -23.88537447926688], [29.74027694567429, -23.88528380965326], [29.740572217750003, -23.88517837690514], [29.740685345496274, -23.8850535642347]]}}, {"type": "Feature", "properties": {"Id": 0, "Shapelengt": 105.22942799, "WalkTime": 1.30996424735, "PathType": "Walkway", "Accessible": 1, "Wheelchair": "Yes", "Shape_Leng": 105.22942799, "Shape_Le_1": 1.30996424735}, "geometry": {"type": "LineString", "coordinates": [[29.738698329978895, -23.88735296468526], [29.738920341304635, -23.887311361482283], [29.73914235147376, -23.887269757988637], [29.739461334276694, -23.88721968723099], [29.739645652408484, -23.887238651864504], [29.739707407277045, -23.887269895088576]]}}, {"type": "Feature", "properties": {"Id": 0, "Shapelengt": 219.851745782, "WalkTime": 2.73685728598, "PathType": "Walkway", "Accessible": 1, "Wheelchair": "No", "Shape_Leng": 219.851745782, "Shape_Le_1": 2.73685728598}, "geometry": {"type": "LineString", "coordinates": [[29.740561703921227, -23.8866847880508], [29.740801389793923, -23.88691995517306], [29.74087170359289, -23.88711166191132], [29.74089881120622, -23.88736719765529], [29.740856495854477, -23.88761710345023], [29.74084566326391, -23.887838101875946], [29.740835164749797, -23.888031741877462], [29.740844759792918, -23.88826946129643], [29.740868320857782, -23.888310030283986], [29.740908960667436, -23.888469048698585], [29.740982830231985, -23.888523858283538]]}}, {"type": "Feature", "properties": {"Id": 0, "Shapelengt": 248.763513723, "WalkTime": 3.09676974634, "PathType": "Walkway", "Accessible": 1, "Wheelchair": "Yes", "Shape_Leng": 248.763513723, "Shape_Le_1": 3.09676974634}, "geometry": {"type": "LineString", "coordinates": [[29.740975496646108, -23.88800762530575], [29.740835164749797, -23.888031741877462], [29.740156249111433, -23.888032826957012], [29.739970760667955, -23.887947914278897], [29.739739498750787, -23.887837048438058], [29.7397525149918, -23.88771733689654], [29.739644347019404, -23.88758961205239], [29.739643803617305, -23.8875213957574], [29.73965416693025, -23.887413941094643], [29.739645652408484, -23.887238651864504], [29.739680474136975, -23.88705708587408], [29.73959052391584, -23.886928535430037], [29.73965123849486, -23.886860584212275]]}}, {"type": "Feature", "properties": {"Id": 0, "Shapelengt": 116.320603983, "WalkTime": 1.44803440786, "PathType": "Walkway", "Accessible": 1, "Wheelchair": "Yes", "Shape_Leng": 116.320603983, "Shape_Le_1": 1.44803440786}, "geometry": {"type": "LineString", "coordinates": [[29.739680474136975, -23.88705708587408], [29.740017014367755, -23.88706355600257], [29.74001085187133, -23.887335052503058], [29.740078770865406, -23.88743083039245], [29.74007527657856, -23.887562532222574], [29.739941308169705, -23.88757732319536], [29.739940176773086, -23.887675744958532]]}}, {"type": "Feature", "properties": {"Id": 0, "Shapelengt": 31.3462672841, "WalkTime": 0.390218688959, "PathType": "Walkway", "Accessible": 1, "Wheelchair": "Yes", "Shape_Leng": 31.3462672841, "Shape_Le_1": 0.390218688959}, "geometry": {"type": "LineString", "coordinates": [[29.740078770865406, -23.88743083039245], [29.740106509491433, -23.88725147454482], [29.740216436382944, -23.887240235605777]]}}, {"type": "Feature", "properties": {"Id": 0, "Shapelengt": 113.066817356, "WalkTime": 1.40752915917, "PathType": "Walkway", "Accessible": 1, "Wheelchair": "No", "Shape_Leng": 113.066817356, "Shape_Le_1": 1.40752915917}, "geometry": {"type": "LineString", "coordinates": [[29.740216436382944, -23.887240235605777], [29.740197114130087, -23.887105180398624], [29.74014981040179, -23.886997732626337], [29.740103394565747, -23.886930264318682], [29.739980411989077, -23.88678426723935], [29.739842887391518, -23.886656829128654], [29.739833290833484, -23.88659507751199], [29.739683594781315, -23.88637245723875]]}}, {"type": "Feature", "properties": {"Id": 0, "Shapelengt": 162.195561357, "WalkTime": 2.01911566485, "PathType": "Walkway", "Accessible": 1, "Wheelchair": "Yes", "Shape_Leng": 162.195561357, "Shape_Le_1": 2.01911566485}, "geometry": {"type": "LineString", "coordinates": [[29.740561703921227, -23.8866847880508], [29.740750955368377, -23.886648567729495], [29.740817087214644, -23.886607193301124], [29.740997463272898, -23.886594765782824], [29.741260653514598, -23.886588912379995], [29.741557479648886, -23.886592737876697], [29.741674020278, -23.88661076500481], [29.74179056191138, -23.886628792024013], [29.742131311937925, -23.886642723261048]]}}, {"type": "Feature", "properties": {"Id": 0, "Shapelengt": 107.135057601, "WalkTime": 1.33368676212, "PathType": "Walkway", "Accessible": 1, "Wheelchair": "Yes", "Shape_Leng": 107.135057601, "Shape_Le_1": 1.33368676212}, "geometry": {"type": "LineString", "coordinates": [[29.741260653514598, -23.886588912379995], [29.741277368739215, -23.88615078904074], [29.74148621148206, -23.886152529752895], [29.741540787774902, -23.886100393367922], [29.741656979395923, -23.885859019747482]]}}, {"type": "Feature", "properties": {"Id": 0, "Shapelengt": 58.6481980857, "WalkTime": 0.73009085131, "PathType": "Walkway", "Accessible": 1, "Wheelchair": "Yes", "Shape_Leng": 58.6481980857, "Shape_Le_1": 0.73009085131}, "geometry": {"type": "LineString", "coordinates": [[29.740921604835286, -23.88608065040675], [29.741092915157022, -23.886098374125496], [29.74120112887428, -23.886105140141172], [29.741322611981168, -23.886100489718398], [29.74148621148206, -23.886152529752895]]}}, {"type": "Feature", "properties": {"Id": 0, "Shapelengt": 76.4699071966, "WalkTime": 0.951947058342, "PathType": "Walkway", "Accessible": 1, "Wheelchair": "Yes", "Shape_Leng": 76.4699071966, "Shape_Le_1": 0.951947058342}, "geometry": {"type": "LineString", "coordinates": [[29.740801389793923, -23.88691995517306], [29.740750955368377, -23.886648567729495], [29.740790654385947, -23.88631133609179], [29.74078920973331, -23.886235826203382]]}}, {"type": "Feature", "properties": {"Id": 0, "Shapelengt": 21.1130729212, "WalkTime": 0.262829240896, "PathType": "Walkway", "Accessible": 1, "Wheelchair": "Yes", "Shape_Leng": 21.1130729212, "Shape_Le_1": 0.262829240896}, "geometry": {"type": "LineString", "coordinates": [[29.740790654385947, -23.88631133609179], [29.740958169276446, -23.886199211034405]]}}, {"type": "Feature", "properties": {"Id": 0, "Shapelengt": 76.6827718156, "WalkTime": 0.954596935337, "PathType": "Walkway", "Accessible": 1, "Wheelchair": "Yes", "Shape_Leng": 76.6827718156, "Shape_Le_1": 0.954596935337}, "geometry": {"type": "LineString", "coordinates": [[29.738084554133362, -23.88720810655017], [29.738167421242636, -23.887209110179445], [29.738167667882717, -23.88726429998541], [29.73831684379969, -23.887259813050512], [29.73831558845029, -23.887194297153155], [29.738704282895394, -23.887177295779416]]}}, {"type": "Feature", "properties": {"Id": 0, "Shapelengt": 166.691196123, "WalkTime": 2.07508024553, "PathType": "Walkway", "Accessible": 1, "Wheelchair": "Yes", "Shape_Leng": 166.691196123, "Shape_Le_1": 2.07508024553}, "geometry": {"type": "LineString", "coordinates": [[29.7395768471118, -23.88774995211904], [29.739739498750787, -23.887837048438058], [29.74004535454846, -23.887839853832933], [29.740160936281445, -23.887839163234144], [29.74021857811158, -23.887895566612], [29.74048337626536, -23.88786118338105], [29.74084566326391, -23.887838101875946], [29.741018508099252, -23.887745725829472], [29.741031597710244, -23.887643888721524]]}}, {"type": "Feature", "properties": {"Id": 0, "Shapelengt": 74.4864982655, "WalkTime": 0.927256296098, "PathType": "Walkway", "Accessible": 1, "Wheelchair": "Yes", "Shape_Leng": 74.4864982655, "Shape_Le_1": 0.927256296098}, "geometry": {"type": "LineString", "coordinates": [[29.740133365684816, -23.88763243333345], [29.740160936281445, -23.887839163234144], [29.740156249111433, -23.888032826957012], [29.74015067227239, -23.888302934798]]}}, {"type": "Feature", "properties": {"Id": 0, "Shapelengt": 111.071191231, "WalkTime": 1.38268630937, "PathType": "Walkway", "Accessible": 1, "Wheelchair": "Yes", "Shape_Leng": 111.071191231, "Shape_Le_1": 1.38268630937}, "geometry": {"type": "LineString", "coordinates": [[29.73975587001313, -23.88831432046132], [29.74015067227239, -23.888302934798], [29.740844759792918, -23.88826946129643]]}}, {"type": "Feature", "properties": {"Id": 0, "Shapelengt": 109.003667683, "WalkTime": 1.35694843375, "PathType": "Walkway", "Accessible": 1, "Wheelchair": "No", "Shape_Leng": 109.003667683, "Shape_Le_1": 1.35694843375}, "geometry": {"type": "LineString", "coordinates": [[29.736987022782017, -23.887610733689627], [29.737137555724843, -23.887606850983524], [29.7372783214958, -23.88760312847002], [29.737386861024493, -23.887600226850836], [29.737390782197323, -23.887680302111278], [29.737503929462235, -23.887681698422217], [29.737643933539065, -23.887675923204274], [29.737871618394653, -23.887457216123714]]}}, {"type": "Feature", "properties": {"Id": 0, "Shapelengt": 74.8011580101, "WalkTime": 0.931173384914, "PathType": "Walkway", "Accessible": 1, "Wheelchair": " Yes", "Shape_Leng": 74.8011580101, "Shape_Le_1": 0.931173384914}, "geometry": {"type": "LineString", "coordinates": [[29.737169051314652, -23.88815228480283], [29.737264215618723, -23.888056765731285], [29.73730818073371, -23.88795176710203], [29.73732029147511, -23.88786036018335], [29.73746819273859, -23.887871936738293], [29.737517853839826, -23.88780111259262], [29.737503929462235, -23.887681698422217]]}}, {"type": "Feature", "properties": {"Id": 0, "Shapelengt": 73.6355039072, "WalkTime": 0.916662565756, "PathType": "Walkway", "Accessible": 1, "Wheelchair": "Yes", "Shape_Leng": 73.6355039072, "Shape_Le_1": 0.916662565756}, "geometry": {"type": "LineString", "coordinates": [[29.73739112225462, -23.887087236611507], [29.737428570736515, -23.887411250465384], [29.737314061094725, -23.8874264869641], [29.737323500026452, -23.887367666153228], [29.73732139639426, -23.887267760305768], [29.737316382723346, -23.887195045784566]]}}, {"type": "Feature", "properties": {"Id": 0, "Shapelengt": 38.8908029607, "WalkTime": 0.484137967891, "PathType": "Walkway", "Accessible": 1, "Wheelchair": "Yes", "Shape_Leng": 38.8908029607, "Shape_Le_1": 0.484137967891}, "geometry": {"type": "LineString", "coordinates": [[29.73698230677242, -23.88746151684689], [29.73711238774401, -23.887459924257495], [29.737109068933727, -23.88725404334979], [29.73708142518675, -23.8872540931853]]}}, {"type": "Feature", "properties": {"Id": 0, "Shapelengt": 1408.81100553, "WalkTime": 17.5377941681, "PathType": "Sidewalk", "Accessible": 1, "Wheelchair": "Yes", "Shape_Leng": 1408.81100553, "Shape_Le_1": 17.5377941681}, "geometry": {"type": "LineString", "coordinates": [[29.73366717590656, -23.89254776676242], [29.734073302965545, -23.892585329006387], [29.735258525544623, -23.89281826852716], [29.735863754151623, -23.893050890215065], [29.73621653258715, -23.89319238539506], [29.736218629119495, -23.893183004936002], [29.737400441295748, -23.893519011512375], [29.737859191539844, -23.89365482408365], [29.738085181124827, -23.89371109270776], [29.738209411965485, -23.8937740734324], [29.738297029517128, -23.893894209067522], [29.738394457965803, -23.894031603409662], [29.738392577024, -23.8941663216959], [29.738423034829097, -23.894265743968894], [29.738485836242624, -23.894329819577766], [29.73858098321374, -23.894358548448935], [29.73887867664147, -23.894353244890436], [29.739057214191835, -23.894338477929484], [29.73923020690092, -23.894323076700633], [29.7393127623186, -23.89431508657537], [29.73939790852114, -23.89431791505286], [29.739483040726263, -23.894320778028845], [29.739488550799447, -23.894581422716147], [29.739492262211165, -23.89487781036723], [29.73947430279308, -23.895251002515497], [29.739494852322142, -23.8953288687277], [29.740350135462055, -23.895313624316884], [29.74114398840754, -23.895299470568407], [29.741255562989014, -23.89521055622735], [29.741408433287553, -23.894838397092794], [29.741545696878497, -23.894504385042325], [29.741617108655834, -23.89430928787959], [29.74175874525527, -23.89391101524811], [29.74187965733048, -23.893574157394983], [29.7420130575771, -23.893208068141256], [29.74228361616716, -23.89249987330907], [29.742655013545694, -23.891604166881688], [29.74276601054799, -23.891342384681877]]}}, {"type": "Feature", "properties": {"Id": 0, "Shapelengt": 571.599217022, "WalkTime": 7.11563820518, "PathType": "Sidewalk", "Accessible": 1, "Wheelchair": "Yes", "Shape_Leng": 571.599217022, "Shape_Le_1": 7.11563820518}, "geometry": {"type": "LineString", "coordinates": [[29.739492262211165, -23.89487781036723], [29.739762425001206, -23.894864772554172], [29.739956245739247, -23.894788680513937], [29.74021088193136, -23.894638867567107], [29.740378159320688, -23.894486769424972], [29.7403758785647, -23.894280385053147], [29.740380784289407, -23.893753862540866], [29.740382717299052, -23.893544571763186], [29.74039211658458, -23.89283227546434], [29.74032180707309, -23.892701964187083], [29.74025149690805, -23.89257180089418], [29.740196571393962, -23.892431806315678], [29.740159870080127, -23.892244025765308], [29.740116189506157, -23.89182394492329], [29.740058151922625, -23.891289755973872], [29.740011563507036, -23.89083394280953], [29.739989423372286, -23.89055765647415], [29.73984845286937, -23.8905414662252], [29.73976128517491, -23.890463430612957]]}}, {"type": "Feature", "properties": {"Id": 0, "Shapelengt": 381.559425326, "WalkTime": 4.74989948122, "PathType": "Sidewalk", "Accessible": 1, "Wheelchair": "Yes", "Shape_Leng": 381.559425326, "Shape_Le_1": 4.74989948122}, "geometry": {"type": "LineString", "coordinates": [[29.739345671852814, -23.890850841385777], [29.739409638860664, -23.890986869280773], [29.739410189501516, -23.89125541305743], [29.739408390907563, -23.891574379558104], [29.73941360962674, -23.89176283960358], [29.73946020287772, -23.89209306676333], [29.73950279224227, -23.89225609508708], [29.739500599617234, -23.892474428677186], [29.73950369459863, -23.892782858278157], [29.739520844596015, -23.892950104393663], [29.739535872650823, -23.89305710204286], [29.739495364209013, -23.89319562328546], [29.73938914579495, -23.89332748677696], [29.739134378614736, -23.893400926475447], [29.738943545691267, -23.89343721071133], [29.73862256675687, -23.893460780468093], [29.738432045619184, -23.893527015758785]]}}, {"type": "Feature", "properties": {"Id": 0, "Shapelengt": 106.113513173, "WalkTime": 1.32096991377, "PathType": "Walkway", "Accessible": 1, "Wheelchair": "Yes", "Shape_Leng": 106.113513173, "Shape_Le_1": 1.32096991377}, "geometry": {"type": "LineString", "coordinates": [[29.738636006954156, -23.89405591471419], [29.738394457965803, -23.894031603409662], [29.738432045619184, -23.893527015758785], [29.738278101144335, -23.89334782223848]]}}, {"type": "Feature", "properties": {"Id": 0, "Shapelengt": 318.118328272, "WalkTime": 3.96014351141, "PathType": "Sidewalk", "Accessible": 1, "Wheelchair": "Yes", "Shape_Leng": 318.118328272, "Shape_Le_1": 3.96014351141}, "geometry": {"type": "LineString", "coordinates": [[29.740632815132336, -23.89032902533954], [29.740686720199005, -23.890473819684193], [29.74072936551702, -23.890928553850628], [29.74084647057626, -23.891355798537532], [29.7409592813057, -23.89156870710328], [29.74110080733691, -23.89179158751069], [29.741368743160834, -23.89205230286196], [29.741635122976188, -23.8922591185149], [29.741969026084735, -23.89241038096954], [29.7421643387429, -23.89248028482768], [29.74228361616716, -23.89249987330907]]}}, {"type": "Feature", "properties": {"Id": 0, "Shapelengt": 190.905480573, "WalkTime": 2.37651538122, "PathType": "Walkway", "Accessible": 1, "Wheelchair": "Yes", "Shape_Leng": 190.905480573, "Shape_Le_1": 2.37651538122}, "geometry": {"type": "LineString", "coordinates": [[29.74185697394839, -23.891911976735283], [29.741811893290333, -23.891930691667383], [29.741625604088924, -23.891989251263006], [29.7415054716147, -23.892069175534957], [29.741368743160834, -23.89205230286196], [29.74109273673022, -23.89244464233447], [29.74085340544604, -23.89262878159342], [29.740561016209135, -23.892804144185956], [29.74039211658458, -23.89283227546434]]}}, {"type": "Feature", "properties": {"Id": 0, "Shapelengt": 142.389750765, "WalkTime": 1.77256007426, "PathType": "Walkway", "Accessible": 1, "Wheelchair": "Yes", "Shape_Leng": 142.389750765, "Shape_Le_1": 1.77256007426}, "geometry": {"type": "LineString", "coordinates": [[29.740561016209135, -23.892804144185956], [29.740610796502978, -23.892961584401192], [29.74083675162283, -23.893202654184215], [29.741181750033103, -23.8934906207343], [29.7414003652118, -23.893563860925862], [29.741374620084873, -23.893722434576983]]}}, {"type": "Feature", "properties": {"Id": 0, "Shapelengt": 152.604924614, "WalkTime": 1.89972519126, "PathType": "Walkway", "Accessible": 1, "Wheelchair": "Yes", "Shape_Leng": 152.604924614, "Shape_Le_1": 1.89972519126}, "geometry": {"type": "LineString", "coordinates": [[29.740382717299052, -23.893544571763186], [29.74081259955959, -23.89356596370896], [29.7414003652118, -23.893563860925862], [29.74187965733048, -23.893574157394983]]}}, {"type": "Feature", "properties": {"Id": 0, "Shapelengt": 154.987660228, "WalkTime": 1.92938703135, "PathType": "Walkway", "Accessible": 1, "Wheelchair": "Yes", "Shape_Leng": 154.987660228, "Shape_Le_1": 1.92938703135}, "geometry": {"type": "LineString", "coordinates": [[29.740380784289407, -23.893753862540866], [29.740222772160966, -23.893983750796394], [29.740069944543343, -23.8941249547222], [29.739835661156665, -23.894344012357497], [29.739492262211165, -23.89487781036723]]}}, {"type": "Feature", "properties": {"Id": 0, "Shapelengt": 216.830308501, "WalkTime": 2.69924447281, "PathType": "Walkway", "Accessible": 1, "Wheelchair": "Yes", "Shape_Leng": 216.830308501, "Shape_Le_1": 2.69924447281}, "geometry": {"type": "LineString", "coordinates": [[29.739483040726263, -23.894320778028845], [29.73962322925314, -23.894249620597897], [29.739835661156665, -23.894344012357497], [29.740378159320688, -23.894486769424972], [29.741545696878497, -23.894504385042325]]}}, {"type": "Feature", "properties": {"Id": 0, "Shapelengt": 29.2640296535, "WalkTime": 0.364297642892, "PathType": "Walkway", "Accessible": 1, "Wheelchair": "Yes", "Shape_Leng": 29.2640296535, "Shape_Le_1": 0.364297642892}, "geometry": {"type": "LineString", "coordinates": [[29.740807021143603, -23.894717945532403], [29.7409619286607, -23.89449557788713]]}}, {"type": "Feature", "properties": {"Id": 0, "Shapelengt": 84.6458090262, "WalkTime": 1.05372599311, "PathType": "Walkway", "Accessible": 1, "Wheelchair": "Yes", "Shape_Leng": 84.6458090262, "Shape_Le_1": 1.05372599311}, "geometry": {"type": "LineString", "coordinates": [[29.741617108655834, -23.89430928787959], [29.741470833131444, -23.894283042260817], [29.74105304424289, -23.89427273834772], [29.741051746886683, -23.894154030240372], [29.741186397999353, -23.894154357667393]]}}, {"type": "Feature", "properties": {"Id": 0, "Shapelengt": 41.9790864382, "WalkTime": 0.522582925908, "PathType": "Walkway", "Accessible": 1, "Wheelchair": "Yes", "Shape_Leng": 41.9790864382, "Shape_Le_1": 0.522582925908}, "geometry": {"type": "LineString", "coordinates": [[29.740378159320688, -23.894486769424972], [29.740667164220657, -23.894216795060316]]}}, {"type": "Feature", "properties": {"Id": 0, "Shapelengt": 25.8009099326, "WalkTime": 0.321186479927, "PathType": "Walkway", "Accessible": 1, "Wheelchair": "Yes", "Shape_Leng": 25.8009099326, "Shape_Le_1": 0.321186479927}, "geometry": {"type": "LineString", "coordinates": [[29.73927062551874, -23.89446379041403], [29.739057214191835, -23.894338477929484]]}}, {"type": "Feature", "properties": {"Id": 0, "Shapelengt": 5.2730761924, "WalkTime": 0.065642676365, "PathType": "Walkway", "Accessible": 1, "Wheelchair": "Yes", "Shape_Leng": 5.2730761924, "Shape_Le_1": 0.065642676365}, "geometry": {"type": "LineString", "coordinates": [[29.73860878083438, -23.89439731208163], [29.73863720194644, -23.89435754692802]]}}, {"type": "Feature", "properties": {"Id": 0, "Shapelengt": 37.5075794078, "WalkTime": 0.466918702948, "PathType": "Walkway", "Accessible": 1, "Wheelchair": "Yes", "Shape_Leng": 37.5075794078, "Shape_Le_1": 0.466918702948}, "geometry": {"type": "LineString", "coordinates": [[29.739082081104083, -23.893750786045267], [29.738943545691267, -23.89343721071133]]}}, {"type": "Feature", "properties": {"Id": 0, "Shapelengt": 34.1945701974, "WalkTime": 0.425676213088, "PathType": "Walkway", "Accessible": 1, "Wheelchair": "Yes", "Shape_Leng": 34.1945701974, "Shape_Le_1": 0.425676213088}, "geometry": {"type": "LineString", "coordinates": [[29.73952817877091, -23.893608323854316], [29.73938914579495, -23.89332748677696]]}}, {"type": "Feature", "properties": {"Id": 0, "Shapelengt": 53.9846246125, "WalkTime": 0.672035660557, "PathType": "Walkway", "Accessible": 1, "Wheelchair": "Yes", "Shape_Leng": 53.9846246125, "Shape_Le_1": 0.672035660557}, "geometry": {"type": "LineString", "coordinates": [[29.739946738798206, -23.893450709267587], [29.739495364209013, -23.89319562328546]]}}, {"type": "Feature", "properties": {"Id": 0, "Shapelengt": 42.9147232256, "WalkTime": 0.534230340167, "PathType": "Walkway", "Accessible": 1, "Wheelchair": "Yes", "Shape_Leng": 42.9147232256, "Shape_Le_1": 0.534230340167}, "geometry": {"type": "LineString", "coordinates": [[29.73995315684372, -23.893109618680906], [29.739535872650823, -23.89305710204286]]}}, {"type": "Feature", "properties": {"Id": 0, "Shapelengt": 35.5565558426, "WalkTime": 0.442631094766, "PathType": "Walkway", "Accessible": 1, "Wheelchair": "Yes", "Shape_Leng": 35.5565558426, "Shape_Le_1": 0.442631094766}, "geometry": {"type": "LineString", "coordinates": [[29.739848567648973, -23.89266727451759], [29.739502147086707, -23.892628643028118]]}}, {"type": "Feature", "properties": {"Id": 0, "Shapelengt": 26.4442545941, "WalkTime": 0.329195252011, "PathType": "Walkway", "Accessible": 1, "Wheelchair": "Yes", "Shape_Leng": 26.4442545941, "Shape_Le_1": 0.329195252011}, "geometry": {"type": "LineString", "coordinates": [[29.741709214905, -23.89329415826478], [29.741946357535483, -23.893391112775955]]}}, {"type": "Feature", "properties": {"Id": 0, "Shapelengt": 37.6631764625, "WalkTime": 0.468855676117, "PathType": "Walkway", "Accessible": 1, "Wheelchair": "Yes", "Shape_Leng": 37.6631764625, "Shape_Le_1": 0.468855676117}, "geometry": {"type": "LineString", "coordinates": [[29.74168372960638, -23.89305373964933], [29.7420130575771, -23.893208068141256]]}}, {"type": "Feature", "properties": {"Id": 0, "Shapelengt": 49.0445406487, "WalkTime": 0.610538287672, "PathType": "Walkway", "Accessible": 1, "Wheelchair": "Yes", "Shape_Leng": 49.0445406487, "Shape_Le_1": 0.610538287672}, "geometry": {"type": "LineString", "coordinates": [[29.741716229407594, -23.89265900368565], [29.74214833768609, -23.89285397074956]]}}, {"type": "Feature", "properties": {"Id": 0, "Shapelengt": 53.3822595428, "WalkTime": 0.664537029041, "PathType": "Walkway", "Accessible": 1, "Wheelchair": "Yes", "Shape_Leng": 53.3822595428, "Shape_Le_1": 0.664537029041}, "geometry": {"type": "LineString", "coordinates": [[29.740854728685377, -23.893753602082], [29.740382717299052, -23.893544571763186]]}}, {"type": "Feature", "properties": {"Id": 0, "Shapelengt": 27.3764453751, "WalkTime": 0.340799768146, "PathType": "Walkway", "Accessible": 1, "Wheelchair": "Yes", "Shape_Leng": 27.3764453751, "Shape_Le_1": 0.340799768146}, "geometry": {"type": "LineString", "coordinates": [[29.74035385483855, -23.894848025667425], [29.74021088193136, -23.894638867567107]]}}, {"type": "Feature", "properties": {"Id": 0, "Shapelengt": 47.1427209933, "WalkTime": 0.586863201709, "PathType": "Walkway", "Accessible": 1, "Wheelchair": "Yes", "Shape_Leng": 47.1427209933, "Shape_Le_1": 0.586863201709}, "geometry": {"type": "LineString", "coordinates": [[29.73977851432468, -23.894992794000075], [29.739494852322142, -23.8953288687277]]}}, {"type": "Feature", "properties": {"Id": 0, "Shapelengt": 14.7140937117, "WalkTime": 0.183170592701, "PathType": "Walkway", "Accessible": 1, "Wheelchair": "Yes", "Shape_Leng": 14.7140937117, "Shape_Le_1": 0.183170592701}, "geometry": {"type": "LineString", "coordinates": [[29.739345356388473, -23.895103744501426], [29.739483282491097, -23.89506440599134]]}}, {"type": "Feature", "properties": {"Id": 0, "Shapelengt": 55.2005900163, "WalkTime": 0.687172787455, "PathType": "Walkway", "Accessible": 1, "Wheelchair": "Yes", "Shape_Leng": 55.2005900163, "Shape_Le_1": 0.687172787455}, "geometry": {"type": "LineString", "coordinates": [[29.739087119052147, -23.892536944235015], [29.738554795058587, -23.892629458036776]]}}, {"type": "Feature", "properties": {"Id": 0, "Shapelengt": 35.9610867644, "WalkTime": 0.447666958352, "PathType": "Walkway", "Accessible": 1, "Wheelchair": "Yes", "Shape_Leng": 35.9610867644, "Shape_Le_1": 0.447666958352}, "geometry": {"type": "LineString", "coordinates": [[29.73893290301312, -23.892161176779148], [29.738592793617997, -23.892074513728137]]}}, {"type": "Feature", "properties": {"Id": 0, "Shapelengt": 53.7358655847, "WalkTime": 0.668938946654, "PathType": "Walkway", "Accessible": 1, "Wheelchair": "Yes", "Shape_Leng": 53.7358655847, "Shape_Le_1": 0.668938946654}, "geometry": {"type": "LineString", "coordinates": [[29.739024520510004, -23.891665284631912], [29.738701018015284, -23.891282334842735]]}}, {"type": "Feature", "properties": {"Id": 0, "Shapelengt": 10.8528980137, "WalkTime": 0.135103921495, "PathType": "Walkway", "Accessible": 1, "Wheelchair": "Yes", "Shape_Leng": 10.8528980137, "Shape_Le_1": 0.135103921495}, "geometry": {"type": "LineString", "coordinates": [[29.739019764664175, -23.890955261624754], [29.738983975013305, -23.891047501088856]]}}, {"type": "Feature", "properties": {"Id": 0, "Shapelengt": 66.9653118276, "WalkTime": 0.83362768365, "PathType": "Walkway", "Accessible": 1, "Wheelchair": "Yes", "Shape_Leng": 66.9653118276, "Shape_Le_1": 0.83362768365}, "geometry": {"type": "LineString", "coordinates": [[29.740159870080127, -23.892244025765308], [29.73950279224227, -23.89225609508708]]}}, {"type": "Feature", "properties": {"Id": 0, "Shapelengt": 41.1123461828, "WalkTime": 0.511793180416, "PathType": "Walkway", "Accessible": 1, "Wheelchair": "Yes", "Shape_Leng": 41.1123461828, "Shape_Le_1": 0.511793180416}, "geometry": {"type": "LineString", "coordinates": [[29.73983875776781, -23.89187913665148], [29.73983133170496, -23.892250060767523]]}}, {"type": "Feature", "properties": {"Id": 0, "Shapelengt": 39.4560429869, "WalkTime": 0.49117444276, "PathType": "Walkway", "Accessible": 1, "Wheelchair": "Yes", "Shape_Leng": 39.4560429869, "Shape_Le_1": 0.49117444276}, "geometry": {"type": "LineString", "coordinates": [[29.73999972372225, -23.891929447578235], [29.73983133170496, -23.892250060767523]]}}, {"type": "Feature", "properties": {"Id": 0, "Shapelengt": 12.0255800765, "WalkTime": 0.14970222926, "PathType": "Walkway", "Accessible": 1, "Wheelchair": "Yes", "Shape_Leng": 12.0255800765, "Shape_Le_1": 0.14970222926}, "geometry": {"type": "LineString", "coordinates": [[29.739530430911223, -23.891778270928583], [29.73941360962674, -23.89176283960358]]}}, {"type": "Feature", "properties": {"Id": 0, "Shapelengt": 41.4338696958, "WalkTime": 0.515795713877, "PathType": "Walkway", "Accessible": 1, "Wheelchair": "Yes", "Shape_Leng": 41.4338696958, "Shape_Le_1": 0.515795713877}, "geometry": {"type": "LineString", "coordinates": [[29.739788718112464, -23.89144207657897], [29.739408390907563, -23.891574379558104]]}}, {"type": "Feature", "properties": {"Id": 0, "Shapelengt": 59.7606686941, "WalkTime": 0.743939607794, "PathType": "Walkway", "Accessible": 1, "Wheelchair": "Yes", "Shape_Leng": 59.7606686941, "Shape_Le_1": 0.743939607794}, "geometry": {"type": "LineString", "coordinates": [[29.739755512422153, -23.891157999886666], [29.73965269375558, -23.891122293541613], [29.740011563507036, -23.89083394280953]]}}, {"type": "Feature", "properties": {"Id": 0, "Shapelengt": 47.835371796, "WalkTime": 0.595485768654, "PathType": "Walkway", "Accessible": 1, "Wheelchair": "Yes", "Shape_Leng": 47.835371796, "Shape_Le_1": 0.595485768654}, "geometry": {"type": "LineString", "coordinates": [[29.74137603440946, -23.89136998623203], [29.7409592813057, -23.89156870710328]]}}, {"type": "Feature", "properties": {"Id": 0, "Shapelengt": 11.7537997349, "WalkTime": 0.146318931095, "PathType": "Walkway", "Accessible": 1, "Wheelchair": "Yes", "Shape_Leng": 11.7537997349, "Shape_Le_1": 0.146318931095}, "geometry": {"type": "LineString", "coordinates": [[29.742548569779863, -23.89156329429826], [29.742655013545694, -23.891604166881688]]}}, {"type": "Feature", "properties": {"Id": 0, "Shapelengt": 36.8576902374, "WalkTime": 0.458828460567, "PathType": "Walkway", "Accessible": 1, "Wheelchair": "Yes", "Shape_Leng": 36.8576902374, "Shape_Le_1": 0.458828460567}, "geometry": {"type": "LineString", "coordinates": [[29.741025889084458, -23.89073807123428], [29.74072936551702, -23.890928553850628]]}}, {"type": "Feature", "properties": {"Id": 0, "Shapelengt": 89.7843078229, "WalkTime": 1.11769336267, "PathType": "Walkway", "Accessible": 1, "Wheelchair": "Yes", "Shape_Leng": 89.7843078229, "Shape_Le_1": 1.11769336267}, "geometry": {"type": "LineString", "coordinates": [[29.741357948939843, -23.890366762782243], [29.741479582420894, -23.89039153304827], [29.74157725445593, -23.89048750786279], [29.741581157408557, -23.890609584733987], [29.741549848038158, -23.89097580896193], [29.741512326823877, -23.89104208383583]]}}, {"type": "Feature", "properties": {"Id": 0, "Shapelengt": 32.052023, "WalkTime": 0.399004394373, "PathType": "Walkway", "Accessible": 1, "Wheelchair": "Yes", "Shape_Leng": 32.052023, "Shape_Le_1": 0.399004394373}, "geometry": {"type": "LineString", "coordinates": [[29.74182037764938, -23.890983547131523], [29.741512326823877, -23.89104208383583]]}}, {"type": "Feature", "properties": {"Id": 0, "Shapelengt": 28.459075419, "WalkTime": 0.354277049906, "PathType": "Walkway", "Accessible": 1, "Wheelchair": "Yes", "Shape_Leng": 28.459075419, "Shape_Le_1": 0.354277049906}, "geometry": {"type": "LineString", "coordinates": [[29.741837558582315, -23.890507751727412], [29.741581157408557, -23.890609584733987]]}}, {"type": "Feature", "properties": {"Id": 0, "Shapelengt": 186.118029658, "WalkTime": 2.31691808363, "PathType": "Walkway", "Accessible": 1, "Wheelchair": "Yes", "Shape_Leng": 186.118029658, "Shape_Le_1": 2.31691808363}, "geometry": {"type": "LineString", "coordinates": [[29.73984845286937, -23.8905414662252], [29.739565221571883, -23.89062381345909], [29.739460721133344, -23.89054997196528], [29.739466654946767, -23.890341697305175], [29.739341015040566, -23.89023984827824], [29.73915149727713, -23.890281074802157], [29.73904537438511, -23.89037285879294], [29.739075976593636, -23.89060414366062], [29.73909993941832, -23.890764577989987], [29.73910804327025, -23.890979302157053]]}}, {"type": "Feature", "properties": {"Id": 0, "Shapelengt": 36.324692369, "WalkTime": 0.452193357015, "PathType": "Walkway", "Accessible": 1, "Wheelchair": "Yes", "Shape_Leng": 36.324692369, "Shape_Le_1": 0.452193357015}, "geometry": {"type": "LineString", "coordinates": [[29.74199424194949, -23.890032595746657], [29.741658059173034, -23.889923544806738]]}}, {"type": "Feature", "properties": {"Id": 0, "Shapelengt": 64.0073067661, "WalkTime": 0.796804515948, "PathType": "Walkway", "Accessible": 1, "Wheelchair": "Yes", "Shape_Leng": 64.0073067661, "Shape_Le_1": 0.796804515948}, "geometry": {"type": "LineString", "coordinates": [[29.742254798717273, -23.889643176943366], [29.742155605013608, -23.88973302068375], [29.74166736041443, -23.889756788582275]]}}, {"type": "Feature", "properties": {"Id": 0, "Shapelengt": 225.483724523, "WalkTime": 2.8069678143, "PathType": "Walkway", "Accessible": 1, "Wheelchair": "Yes", "Shape_Leng": 225.483724523, "Shape_Le_1": 2.8069678143}, "geometry": {"type": "LineString", "coordinates": [[29.74263259988568, -23.889870053827977], [29.74263564050335, -23.88970311959886], [29.742646602255196, -23.889581254195495], [29.74264772776314, -23.889492054858348], [29.74264192185862, -23.88935942700569], [29.742568081789333, -23.889209347263023], [29.74243812892256, -23.889107969497164], [29.742358100864408, -23.889020908981866], [29.74230312981586, -23.888909897506654], [29.742233768243686, -23.888829560137687], [29.742119432888824, -23.888684350431806], [29.74200509681684, -23.888539140632542], [29.74194564585403, -23.88842959157401], [29.74164938414786, -23.88816096013164]]}}, {"type": "Feature", "properties": {"Id": 0, "Shapelengt": 220.820076839, "WalkTime": 2.74891169973, "PathType": "Walkway", "Accessible": 1, "Wheelchair": "Yes", "Shape_Leng": 220.820076839, "Shape_Le_1": 2.74891169973}, "geometry": {"type": "LineString", "coordinates": [[29.74205910374386, -23.886977373121567], [29.742141632586304, -23.886993858342258], [29.74236553041616, -23.887029037416795], [29.74235329243829, -23.887082600440966], [29.742490252865732, -23.887076054732137], [29.74264817667423, -23.887138796789955], [29.74266609549406, -23.887089871670206], [29.742941529975543, -23.88714456867109], [29.742956147544675, -23.88708102888918], [29.742942119583265, -23.887012898944356], [29.742986795831065, -23.886937514999], [29.74301330333338, -23.886805280934382], [29.743055840499025, -23.886593073677457], [29.74296299252546, -23.88658039311425], [29.742826981031303, -23.886561032860076], [29.74269090807186, -23.886541781883615], [29.742532183954403, -23.886554784599788]]}}, {"type": "Feature", "properties": {"Id": 0, "Shapelengt": 81.4548564188, "WalkTime": 1.01400294309, "PathType": "Walkway", "Accessible": 1, "Wheelchair": "Yes", "Shape_Leng": 81.4548564188, "Shape_Le_1": 1.01400294309}, "geometry": {"type": "LineString", "coordinates": [[29.742046652814587, -23.886187595242596], [29.742231421942662, -23.886176073559984], [29.742532183954403, -23.886554784599788], [29.742554008004355, -23.886588570107065], [29.742507306868067, -23.886625298972188]]}}, {"type": "Feature", "properties": {"Id": 0, "Shapelengt": 21.5577749051, "WalkTime": 0.268365179947, "PathType": "Walkway", "Accessible": 1, "Wheelchair": "Yes", "Shape_Leng": 21.5577749051, "Shape_Le_1": 0.268365179947}, "geometry": {"type": "LineString", "coordinates": [[29.742532183954403, -23.886554784599788], [29.74235129183913, -23.886655664134338]]}}, {"type": "Feature", "properties": {"Id": 0, "Shapelengt": 17.9248560463, "WalkTime": 0.223140247059, "PathType": "Walkway", "Accessible": 1, "Wheelchair": "Yes", "Shape_Leng": 17.9248560463, "Shape_Le_1": 0.223140247059}, "geometry": {"type": "LineString", "coordinates": [[29.742532183954403, -23.886554784599788], [29.7426669473488, -23.886450824167852]]}}, {"type": "Feature", "properties": {"Id": 0, "Shapelengt": 483.022244702, "WalkTime": 6.0129745388, "PathType": "Walkway", "Accessible": 1, "Wheelchair": "Yes", "Shape_Leng": 483.022244702, "Shape_Le_1": 6.0129745388}, "geometry": {"type": "LineString", "coordinates": [[29.742141632586304, -23.886993858342258], [29.742095211782193, -23.887227379659546], [29.742412562322702, -23.887188424203956], [29.74256891340443, -23.887237050648242], [29.742740309048344, -23.88726255710366], [29.742762287369306, -23.887273591242764], [29.742826683187648, -23.88738098676192], [29.742864603912118, -23.887705941132413], [29.74286689325654, -23.887814444497728], [29.74286607808653, -23.887923002339924], [29.742865261962788, -23.888031561100586], [29.74293671277277, -23.888178820502052], [29.743131172765818, -23.88826675623859], [29.743362656005935, -23.88834260585839], [29.743574604496285, -23.88837595732927], [29.743799093641556, -23.888414797796244], [29.74394242191335, -23.888435091453818], [29.744046888495742, -23.888527488503048], [29.744151354264094, -23.88861988638637], [29.744160080325532, -23.888739705445843], [29.744161676356057, -23.888834699202153], [29.744163271434253, -23.888929693876914], [29.744072260501234, -23.88901383754065], [29.743981248488147, -23.8890979820801], [29.743901795351444, -23.889225277470665], [29.743996628585986, -23.889394219458616], [29.744256096447145, -23.889291683563627], [29.74434098041241, -23.88942164072435], [29.744366603895365, -23.88940724632327]]}}, {"type": "Feature", "properties": {"Id": 0, "Shapelengt": 77.6982034111, "WalkTime": 0.967237687179, "PathType": "Walkway", "Accessible": 1, "Wheelchair": "Yes", "Shape_Leng": 77.6982034111, "Shape_Le_1": 0.967237687179}, "geometry": {"type": "LineString", "coordinates": [[29.744046888495742, -23.888527488503048], [29.74456457594416, -23.88826928711456], [29.744664286668083, -23.888399925338142]]}}, {"type": "Feature", "properties": {"Id": 0, "Shapelengt": 61.7076085593, "WalkTime": 0.768176379426, "PathType": "Walkway", "Accessible": 1, "Wheelchair": "Yes", "Shape_Leng": 61.7076085593, "Shape_Le_1": 0.768176379426}, "geometry": {"type": "LineString", "coordinates": [[29.744161676356057, -23.888834699202153], [29.744710078063985, -23.8885984873287]]}}, {"type": "Feature", "properties": {"Id": 0, "Shapelengt": 110.255282055, "WalkTime": 1.37252934215, "PathType": "Walkway", "Accessible": 1, "Wheelchair": "Yes", "Shape_Leng": 110.255282055, "Shape_Le_1": 1.37252934215}, "geometry": {"type": "LineString", "coordinates": [[29.739671793836592, -23.889930098723873], [29.739818779070898, -23.88987505076234], [29.73990256005717, -23.889843938994275], [29.740030001822813, -23.889847380047872], [29.74026314853909, -23.88985465105669], [29.740412207729197, -23.889851994308447], [29.740467743360853, -23.889833866047027], [29.74059651302088, -23.88985447911016], [29.74064958581952, -23.889845800986674], [29.74061781026357, -23.88977872541873]]}}, {"type": "Feature", "properties": {"Id": 0, "Shapelengt": 87.5459278899, "WalkTime": 1.08982855583, "PathType": "Walkway", "Accessible": 1, "Wheelchair": "Yes", "Shape_Leng": 87.5459278899, "Shape_Le_1": 1.08982855583}, "geometry": {"type": "LineString", "coordinates": [[29.73994462542705, -23.890029537455863], [29.740075181046848, -23.889971144790824], [29.740205736559084, -23.88991275292731], [29.7403262036973, -23.889924037485503], [29.740393056500388, -23.889946763315226], [29.74045991028636, -23.88996948819394], [29.740475587019713, -23.889989827359734], [29.74050324045473, -23.890067683299357], [29.740610833690177, -23.890065765450597], [29.740636933144508, -23.890027362730372], [29.74060588249968, -23.89001981138528]]}}, {"type": "Feature", "properties": {"Id": 0, "Shapelengt": 15.7718967046, "WalkTime": 0.196338811211, "PathType": "Walkway", "Accessible": 1, "Wheelchair": "Yes", "Shape_Leng": 15.7718967046, "Shape_Le_1": 0.196338811211}, "geometry": {"type": "LineString", "coordinates": [[29.74027239628511, -23.890016370868093], [29.740140459318894, -23.88994194931401]]}}, {"type": "Feature", "properties": {"Id": 0, "Shapelengt": 34.5445564864, "WalkTime": 0.430033069667, "PathType": "Walkway", "Accessible": 1, "Wheelchair": "Yes", "Shape_Leng": 34.5445564864, "Shape_Le_1": 0.430033069667}, "geometry": {"type": "LineString", "coordinates": [[29.740157476153232, -23.889567954373042], [29.739834020862453, -23.889474589649392]]}}, {"type": "Feature", "properties": {"Id": 0, "Shapelengt": 22.7135968464, "WalkTime": 0.282753601971, "PathType": "Walkway", "Accessible": 1, "Wheelchair": "Yes", "Shape_Leng": 22.7135968464, "Shape_Le_1": 0.282753601971}, "geometry": {"type": "LineString", "coordinates": [[29.741024015183438, -23.888725290954014], [29.740982830231985, -23.888523858283538]]}}, {"type": "Feature", "properties": {"Id": 0, "Shapelengt": 15.3344347561, "WalkTime": 0.190893000823, "PathType": "Walkway", "Accessible": 1, "Wheelchair": "Yes", "Shape_Leng": 15.3344347561, "Shape_Le_1": 0.190893000823}, "geometry": {"type": "LineString", "coordinates": [[29.739469490175715, -23.889098663007665], [29.73961790546701, -23.889121566864326]]}}, {"type": "Feature", "properties": {"Id": 0, "Shapelengt": 103.336849714, "WalkTime": 1.28640420408, "PathType": "Walkway", "Accessible": 1, "Wheelchair": "Yes", "Shape_Leng": 103.336849714, "Shape_Le_1": 1.28640420408}, "geometry": {"type": "LineString", "coordinates": [[29.739834020862453, -23.889474589649392], [29.739793001942253, -23.889281197966636], [29.739761241111914, -23.88917963121723], [29.739755926124133, -23.889103126167065], [29.739807620841088, -23.88900858417493], [29.739905126611273, -23.8889796114911], [29.74001235236298, -23.8889725940865], [29.740108832443564, -23.88898279007671], [29.740215328403796, -23.888850073908717]]}}, {"type": "Feature", "properties": {"Id": 0, "Shapelengt": 230.61571345, "WalkTime": 2.87085414478, "PathType": "Walkway", "Accessible": 1, "Wheelchair": "Yes", "Shape_Leng": 230.61571345, "Shape_Le_1": 2.87085414478}, "geometry": {"type": "LineString", "coordinates": [[29.740215328403796, -23.888850073908717], [29.740480173713102, -23.888856574000624], [29.740529706421224, -23.888945895792197], [29.740592054900738, -23.888978288669], [29.74074890641339, -23.888972915109598], [29.740882125314474, -23.888977030526778], [29.740899972081724, -23.889265875361126], [29.741219553208587, -23.889273738630518], [29.741231926250826, -23.88914914585397], [29.741540498263188, -23.88915024163844], [29.741556592297137, -23.888892640709276], [29.7416817629485, -23.888887904204754], [29.741673300622665, -23.888849594158675]]}}, {"type": "Feature", "properties": {"Id": 0, "Shapelengt": 34.2328979392, "WalkTime": 0.426153341706, "PathType": "Walkway", "Accessible": 1, "Wheelchair": "No", "Shape_Leng": 34.2328979392, "Shape_Le_1": 0.426153341706}, "geometry": {"type": "LineString", "coordinates": [[29.741024015183438, -23.888725290954014], [29.741015877666214, -23.88887279779219], [29.740882125314474, -23.888977030526778]]}}, {"type": "Feature", "properties": {"Id": 0, "Shapelengt": 17.5040251855, "WalkTime": 0.21790147125, "PathType": "Walkway", "Accessible": 1, "Wheelchair": "Yes", "Shape_Leng": 17.5040251855, "Shape_Le_1": 0.21790147125}, "geometry": {"type": "LineString", "coordinates": [[29.739709124651437, -23.890248512364074], [29.73988030645341, -23.89023528931758]]}}, {"type": "Feature", "properties": {"Id": 0, "Shapelengt": 16.0777400201, "WalkTime": 0.200146147393, "PathType": "Walkway", "Accessible": 1, "Wheelchair": "Yes", "Shape_Leng": 16.0777400201, "Shape_Le_1": 0.200146147393}, "geometry": {"type": "LineString", "coordinates": [[29.739601047596615, -23.889640434407127], [29.73975879035551, -23.88963701797612]]}}, {"type": "Feature", "properties": {"Id": 0, "Shapelengt": 31.361814721, "WalkTime": 0.39041223355, "PathType": "Walkway", "Accessible": 1, "Wheelchair": "Yes", "Shape_Leng": 31.361814721, "Shape_Le_1": 0.39041223355}, "geometry": {"type": "LineString", "coordinates": [[29.738543533978973, -23.888629314356805], [29.738543507071395, -23.88867793849396], [29.73879834911062, -23.888672938066822]]}}, {"type": "Feature", "properties": {"Id": 0, "Shapelengt": 79.1171707947, "WalkTime": 0.984901914537, "PathType": "Walkway", "Accessible": 1, "Wheelchair": "Yes", "Shape_Leng": 79.1171707947, "Shape_Le_1": 0.984901914537}, "geometry": {"type": "LineString", "coordinates": [[29.73871209036626, -23.889987082046385], [29.738827455911814, -23.889989639003353], [29.739141414987735, -23.88979298464923], [29.739110285380306, -23.889711155956785], [29.739135114195378, -23.889540839560954]]}}, {"type": "Feature", "properties": {"Id": 0, "Shapelengt": 27.6814200753, "WalkTime": 0.34459629124, "PathType": "Walkway", "Accessible": 1, "Wheelchair": "Yes", "Shape_Leng": 27.6814200753, "Shape_Le_1": 0.34459629124}, "geometry": {"type": "LineString", "coordinates": [[29.73919223731824, -23.89058305847173], [29.73934174655504, -23.890574138252294], [29.739460721133344, -23.89054997196528]]}}, {"type": "Feature", "properties": {"Id": 0, "Shapelengt": 75.3123769443, "WalkTime": 0.937537370152, "PathType": "Walkway", "Accessible": 1, "Wheelchair": "Yes", "Shape_Leng": 75.3123769443, "Shape_Le_1": 0.937537370152}, "geometry": {"type": "LineString", "coordinates": [[29.740011563507036, -23.89083394280953], [29.74007567225582, -23.89086831081515], [29.740084936219453, -23.89099532034375], [29.740295109974838, -23.890967351040658], [29.740405823556323, -23.890907845970677], [29.740395154097936, -23.89073723261062]]}}, {"type": "Feature", "properties": {"Id": 0, "Shapelengt": 3.74790188402, "WalkTime": 0.0466563162457, "PathType": "Walkway", "Accessible": 1, "Wheelchair": "Yes", "Shape_Leng": 3.74790188402, "Shape_Le_1": 0.0466563162457}, "geometry": {"type": "LineString", "coordinates": [[29.739091134889037, -23.885567545525753], [29.739090126485664, -23.885601352932284]]}}, {"type": "Feature", "properties": {"Id": 0, "Shapelengt": 13.6561785049, "WalkTime": 0.17000097728, "PathType": "Walkway", "Accessible": 1, "Wheelchair": "No", "Shape_Leng": 13.6561785049, "Shape_Le_1": 0.17000097728}, "geometry": {"type": "LineString", "coordinates": [[29.739065479616247, -23.885668716507165], [29.73915470327701, -23.885669397056013], [29.739196007890776, -23.88568532675015]]}}, {"type": "Feature", "properties": {"Id": 0, "Shapelengt": 34.7056297883, "WalkTime": 0.432038214718, "PathType": "Walkway", "Accessible": 1, "Wheelchair": "Yes", "Shape_Leng": 34.7056297883, "Shape_Le_1": 0.432038214718}, "geometry": {"type": "LineString", "coordinates": [[29.73868751615023, -23.886996248032332], [29.73895999674788, -23.886808350570657]]}}, {"type": "Feature", "properties": {"Id": 0, "Shapelengt": 67.2051106028, "WalkTime": 0.83661285451, "PathType": "Walkway", "Accessible": 1, "Wheelchair": "Yes", "Shape_Leng": 67.2051106028, "Shape_Le_1": 0.83661285451}, "geometry": {"type": "LineString", "coordinates": [[29.739115872427245, -23.886895045802195], [29.739118345060376, -23.88670516156952], [29.739222645688233, -23.886603936177334], [29.73931431886247, -23.886339966948697]]}}, {"type": "Feature", "properties": {"Id": 0, "Shapelengt": 15.485396026, "WalkTime": 0.192772264733, "PathType": "Walkway", "Accessible": 1, "Wheelchair": "Yes", "Shape_Leng": 15.485396026, "Shape_Le_1": 0.192772264733}, "geometry": {"type": "LineString", "coordinates": [[29.739124908179996, -23.886175575370796], [29.73923466825831, -23.886272221240638]]}}, {"type": "Feature", "properties": {"Id": 0, "Shapelengt": 5.72460657591, "WalkTime": 0.0712636197673, "PathType": "Walkway", "Accessible": 1, "Wheelchair": "Yes", "Shape_Leng": 5.72460657591, "Shape_Le_1": 0.0712636197673}, "geometry": {"type": "LineString", "coordinates": [[29.740455129059363, -23.886420014858164], [29.7404664010729, -23.886470621735363]]}}, {"type": "Feature", "properties": {"Id": 0, "Shapelengt": 3.88340631538, "WalkTime": 0.0483431633932, "PathType": "Walkway", "Accessible": 1, "Wheelchair": "Yes", "Shape_Leng": 3.88340631538, "Shape_Le_1": 0.0483431633932}, "geometry": {"type": "LineString", "coordinates": [[29.73969705698523, -23.886815322083528], [29.7396598609097, -23.886807690446307]]}}, {"type": "Feature", "properties": {"Id": 0, "Shapelengt": 3.86779545041, "WalkTime": 0.0481488292096, "PathType": "Walkway", "Accessible": 1, "Wheelchair": "Yes", "Shape_Leng": 3.86779545041, "Shape_Le_1": 0.0481488292096}, "geometry": {"type": "LineString", "coordinates": [[29.739146927269488, -23.887304405459652], [29.73914235147376, -23.887269757988637]]}}, {"type": "Feature", "properties": {"Id": 0, "Shapelengt": 14.5116774122, "WalkTime": 0.180650783172, "PathType": "Walkway", "Accessible": 1, "Wheelchair": "Yes", "Shape_Leng": 14.5116774122, "Shape_Le_1": 0.180650783172}, "geometry": {"type": "LineString", "coordinates": [[29.73912390614955, -23.887730452535152], [29.739127129882693, -23.887861368656214]]}}, {"type": "Feature", "properties": {"Id": 0, "Shapelengt": 6.84434108635, "WalkTime": 0.085202802021, "PathType": "Walkway", "Accessible": 1, "Wheelchair": "Yes", "Shape_Leng": 6.84434108635, "Shape_Le_1": 0.085202802021}, "geometry": {"type": "LineString", "coordinates": [[29.73925761848244, -23.887900678363025], [29.739269597936957, -23.887839906967113]]}}, {"type": "Feature", "properties": {"Id": 0, "Shapelengt": 16.3591397525, "WalkTime": 0.203649193981, "PathType": "Walkway", "Accessible": 1, "Wheelchair": "Yes", "Shape_Leng": 16.3591397525, "Shape_Le_1": 0.203649193981}, "geometry": {"type": "LineString", "coordinates": [[29.7386558942913, -23.887791748627677], [29.738694376668793, -23.88793506590722]]}}, {"type": "Feature", "properties": {"Id": 0, "Shapelengt": 25.3104160701, "WalkTime": 0.315080493839, "PathType": "Walkway", "Accessible": 1, "Wheelchair": "Yes", "Shape_Leng": 25.3104160701, "Shape_Le_1": 0.315080493839}, "geometry": {"type": "LineString", "coordinates": [[29.73892233432776, -23.887073030902933], [29.73868709789071, -23.886999690564924]]}}, {"type": "Feature", "properties": {"Id": 0, "Shapelengt": 31.1667977551, "WalkTime": 0.387984535729, "PathType": "Walkway", "Accessible": 1, "Wheelchair": "Yes", "Shape_Leng": 31.1667977551, "Shape_Le_1": 0.387984535729}, "geometry": {"type": "LineString", "coordinates": [[29.73691188898114, -23.88674858009528], [29.737062277594518, -23.8868522527784], [29.737080330537644, -23.88674511884172]]}}, {"type": "Feature", "properties": {"Id": 0, "Shapelengt": 4.2082386181, "WalkTime": 0.0523868868182, "PathType": "Walkway", "Accessible": 1, "Wheelchair": "Yes", "Shape_Leng": 4.2082386181, "Shape_Le_1": 0.0523868868182}, "geometry": {"type": "LineString", "coordinates": [[29.73720453249888, -23.8870582670484], [29.737206925741617, -23.88709617735943]]}}, {"type": "Feature", "properties": {"Id": 0, "Shapelengt": 7.80016802649, "WalkTime": 0.097101556411, "PathType": "Walkway", "Accessible": 1, "Wheelchair": "Yes", "Shape_Leng": 7.80016802649, "Shape_Le_1": 0.097101556411}, "geometry": {"type": "LineString", "coordinates": [[29.73744072380204, -23.886941853439343], [29.73751699395646, -23.886947857645044]]}}, {"type": "Feature", "properties": {"Id": 0, "Shapelengt": 11.2029425107, "WalkTime": 0.139461502685, "PathType": "Walkway", "Accessible": 1, "Wheelchair": "Yes", "Shape_Leng": 11.2029425107, "Shape_Le_1": 0.139461502685}, "geometry": {"type": "LineString", "coordinates": [[29.737583046917543, -23.886894797977057], [29.7375923082307, -23.88692590175057], [29.737658405435226, -23.886958240040453]]}}, {"type": "Feature", "properties": {"Id": 0, "Shapelengt": 32.2319980368, "WalkTime": 0.401244840492, "PathType": "Walkway", "Accessible": 1, "Wheelchair": "Yes", "Shape_Leng": 32.2319980368, "Shape_Le_1": 0.401244840492}, "geometry": {"type": "LineString", "coordinates": [[29.737134328352507, -23.887524382440535], [29.737137555724843, -23.887606850983524], [29.7372783214958, -23.88760312847002], [29.737275239130618, -23.88752433432256]]}}, {"type": "Feature", "properties": {"Id": 0, "Shapelengt": 19.9805552839, "WalkTime": 0.248730925979, "PathType": "Walkway", "Accessible": 1, "Wheelchair": "Yes", "Shape_Leng": 19.9805552839, "Shape_Le_1": 0.248730925979}, "geometry": {"type": "LineString", "coordinates": [[29.739146927269488, -23.887304405459652], [29.73914235147376, -23.887269757988637], [29.73913280638184, -23.887124625682738]]}}, {"type": "Feature", "properties": {"Id": 0, "Shapelengt": 14.445063622, "WalkTime": 0.179821531458, "PathType": "Walkway", "Accessible": 1, "Wheelchair": "Yes", "Shape_Leng": 14.445063622, "Shape_Le_1": 0.179821531458}, "geometry": {"type": "LineString", "coordinates": [[29.74073007643682, -23.887117316423282], [29.74087170359289, -23.88711166191132]]}}, {"type": "Feature", "properties": {"Id": 0, "Shapelengt": 5.79092068396, "WalkTime": 0.0720891408435, "PathType": "Walkway", "Accessible": 1, "Wheelchair": "Yes", "Shape_Leng": 5.79092068396, "Shape_Le_1": 0.0720891408435}, "geometry": {"type": "LineString", "coordinates": [[29.74084198712272, -23.887366388339547], [29.74089881120622, -23.88736719765529]]}}, {"type": "Feature", "properties": {"Id": 0, "Shapelengt": 7.60271034645, "WalkTime": 0.0946434749963, "PathType": "Walkway", "Accessible": 1, "Wheelchair": "Yes", "Shape_Leng": 7.60271034645, "Shape_Le_1": 0.0946434749963}, "geometry": {"type": "LineString", "coordinates": [[29.740997820175842, -23.88666336983531], [29.740997463272898, -23.886594765782824]]}}, {"type": "Feature", "properties": {"Id": 0, "Shapelengt": 6.63717071321, "WalkTime": 0.082623810696, "PathType": "Walkway", "Accessible": 1, "Wheelchair": "Yes", "Shape_Leng": 6.63717071321, "Shape_Le_1": 0.082623810696}, "geometry": {"type": "LineString", "coordinates": [[29.740224933222027, -23.88754214917943], [29.740160982083403, -23.887530777810014]]}}, {"type": "Feature", "properties": {"Id": 0, "Shapelengt": 17.0060723537, "WalkTime": 0.211702631068, "PathType": "Walkway", "Accessible": 1, "Wheelchair": "Yes", "Shape_Leng": 17.0060723537, "Shape_Le_1": 0.211702631068}, "geometry": {"type": "LineString", "coordinates": [[29.740455129059363, -23.886420014858164], [29.740442716844374, -23.88626698151394]]}}, {"type": "Feature", "properties": {"Id": 0, "Shapelengt": 15.2682656336, "WalkTime": 0.19006928462, "PathType": "Walkway", "Accessible": 1, "Wheelchair": "Yes", "Shape_Leng": 15.2682656336, "Shape_Le_1": 0.19006928462}, "geometry": {"type": "LineString", "coordinates": [[29.737241225842016, -23.885573871517266], [29.73710612807055, -23.88563346247252]]}}, {"type": "Feature", "properties": {"Id": 0, "Shapelengt": 260.632262591, "WalkTime": 3.24451963887, "PathType": "Walkway", "Accessible": 1, "Wheelchair": "Yes", "Shape_Leng": 260.632262591, "Shape_Le_1": 3.24451963887}, "geometry": {"type": "LineString", "coordinates": [[29.73642725041727, -23.886126793033917], [29.7360929270091, -23.886236945641166], [29.736423940334273, -23.88628622159184], [29.73608660675251, -23.88641175029781], [29.736080931289976, -23.88661719211856], [29.736084542019086, -23.886788755916903], [29.73640523410038, -23.88675229314596], [29.736410375675828, -23.88690861455094], [29.7358363063871, -23.887069285886984]]}}, {"type": "Feature", "properties": {"Id": 0, "Shapelengt": 214.257427493, "WalkTime": 2.6672155794, "PathType": "Walkway", "Accessible": 1, "Wheelchair": "Yes", "Shape_Leng": 214.257427493, "Shape_Le_1": 2.6672155794}, "geometry": {"type": "LineString", "coordinates": [[29.734940997773474, -23.886325548218064], [29.734969993879705, -23.88641479971391], [29.735037324463576, -23.886650487959805], [29.735532913555186, -23.88687606499592], [29.735567646016925, -23.88698017487987], [29.7358363063871, -23.887069285886984], [29.73581820941459, -23.88723417352364], [29.73567086631403, -23.887652374897048], [29.73564989254764, -23.887761961490217]]}}, {"type": "Feature", "properties": {"Id": 0, "Shapelengt": 30.8231119915, "WalkTime": 0.383706112182, "PathType": "Walkway", "Accessible": 1, "Wheelchair": "Yes", "Shape_Leng": 30.8231119915, "Shape_Le_1": 0.383706112182}, "geometry": {"type": "LineString", "coordinates": [[29.73498720555687, -23.88774853598592], [29.735259719950093, -23.88762781146631]]}}, {"type": "Feature", "properties": {"Id": 0, "Shapelengt": 15.683663185, "WalkTime": 0.195240423067, "PathType": "Walkway", "Accessible": 1, "Wheelchair": "Yes", "Shape_Leng": 15.683663185, "Shape_Le_1": 0.195240423067}, "geometry": {"type": "LineString", "coordinates": [[29.734680847851106, -23.887494657320552], [29.734733729313117, -23.88762756799477]]}}, {"type": "Feature", "properties": {"Id": 0, "Shapelengt": 20.5129859151, "WalkTime": 0.255358968195, "PathType": "Walkway", "Accessible": 1, "Wheelchair": "Yes", "Shape_Leng": 20.5129859151, "Shape_Le_1": 0.255358968195}, "geometry": {"type": "LineString", "coordinates": [[29.735879487956115, -23.885303957839177], [29.736080235982524, -23.885290164701185]]}}, {"type": "Feature", "properties": {"Id": 0, "Shapelengt": 10.4781279726, "WalkTime": 0.130438540677, "PathType": "Walkway", "Accessible": 1, "Wheelchair": "Yes", "Shape_Leng": 10.4781279726, "Shape_Le_1": 0.130438540677}, "geometry": {"type": "LineString", "coordinates": [[29.736394871316694, -23.885439413039926], [29.73648229471861, -23.885389632486067]]}}, {"type": "Feature", "properties": {"Id": 0, "Shapelengt": 16.1503734442, "WalkTime": 0.201050335419, "PathType": "Walkway", "Accessible": 1, "Wheelchair": "Yes", "Shape_Leng": 16.1503734442, "Shape_Le_1": 0.201050335419}, "geometry": {"type": "LineString", "coordinates": [[29.736040791176823, -23.88497942241234], [29.736199284813427, -23.88497975308526]]}}, {"type": "Feature", "properties": {"Id": 0, "Shapelengt": 57.4012330741, "WalkTime": 0.714567821164, "PathType": "Walkway", "Accessible": 1, "Wheelchair": "Yes", "Shape_Leng": 57.4012330741, "Shape_Le_1": 0.714567821164}, "geometry": {"type": "LineString", "coordinates": [[29.736403041676294, -23.884152603316128], [29.736200597968402, -23.88402104125524], [29.73618520904627, -23.883949756739558], [29.736184095487836, -23.88380663461361], [29.736118255136024, -23.883763691466392]]}}, {"type": "Feature", "properties": {"Id": 0, "Shapelengt": 31.0900304999, "WalkTime": 0.38702888709, "PathType": "Walkway", "Accessible": 1, "Wheelchair": "Yes", "Shape_Leng": 31.0900304999, "Shape_Le_1": 0.38702888709}, "geometry": {"type": "LineString", "coordinates": [[29.737018595921526, -23.88376512471096], [29.73711422437112, -23.883927995448733], [29.7371480741868, -23.88396307868222], [29.737183515669287, -23.88399907493034]]}}, {"type": "Feature", "properties": {"Id": 0, "Shapelengt": 25.0526753944, "WalkTime": 0.311871970552, "PathType": "Walkway", "Accessible": 1, "Wheelchair": "Yes", "Shape_Leng": 25.0526753944, "Shape_Le_1": 0.311871970552}, "geometry": {"type": "LineString", "coordinates": [[29.737266448955843, -23.884331732657948], [29.737267548138814, -23.8845577997311]]}}, {"type": "Feature", "properties": {"Id": 0, "Shapelengt": 28.9500287782, "WalkTime": 0.360388756109, "PathType": "Walkway", "Accessible": 1, "Wheelchair": "Yes", "Shape_Leng": 28.9500287782, "Shape_Le_1": 0.360388756109}, "geometry": {"type": "LineString", "coordinates": [[29.734126359235432, -23.884210553486664], [29.734347547407552, -23.884046603645306]]}}, {"type": "Feature", "properties": {"Id": 0, "Shapelengt": 33.4872192675, "WalkTime": 0.416870649415, "PathType": "Walkway", "Accessible": 1, "Wheelchair": "Yes", "Shape_Leng": 33.4872192675, "Shape_Le_1": 0.416870649415}, "geometry": {"type": "LineString", "coordinates": [[29.734295533452606, -23.884983990982754], [29.734422480004636, -23.88470526560911]]}}, {"type": "Feature", "properties": {"Id": 0, "Shapelengt": 54.7484821668, "WalkTime": 0.681544655382, "PathType": "Walkway", "Accessible": 1, "Wheelchair": "Yes", "Shape_Leng": 54.7484821668, "Shape_Le_1": 0.681544655382}, "geometry": {"type": "LineString", "coordinates": [[29.73399193929558, -23.885659039811753], [29.734479781581673, -23.885866054051057]]}}, {"type": "Feature", "properties": {"Id": 0, "Shapelengt": 46.0145585944, "WalkTime": 0.572819103627, "PathType": "Walkway", "Accessible": 1, "Wheelchair": "Yes", "Shape_Leng": 46.0145585944, "Shape_Le_1": 0.572819103627}, "geometry": {"type": "LineString", "coordinates": [[29.734065543915282, -23.886010819979987], [29.734479341434028, -23.88617707393599]]}}, {"type": "Feature", "properties": {"Id": 0, "Shapelengt": 37.4973489114, "WalkTime": 0.466791347086, "PathType": "Walkway", "Accessible": 1, "Wheelchair": "Yes", "Shape_Leng": 37.4973489114, "Shape_Le_1": 0.466791347086}, "geometry": {"type": "LineString", "coordinates": [[29.734125116949578, -23.886268754581746], [29.734479341434028, -23.88617707393599]]}}, {"type": "Feature", "properties": {"Id": 0, "Shapelengt": 48.5818784894, "WalkTime": 0.604778768697, "PathType": "Walkway", "Accessible": 1, "Wheelchair": "Yes", "Shape_Leng": 48.5818784894, "Shape_Le_1": 0.604778768697}, "geometry": {"type": "LineString", "coordinates": [[29.733821292709504, -23.887327853569772], [29.734297925893298, -23.887338533235027]]}}, {"type": "Feature", "properties": {"Id": 0, "Shapelengt": 47.0676929684, "WalkTime": 0.585929204137, "PathType": "Walkway", "Accessible": 1, "Wheelchair": "Yes", "Shape_Leng": 47.0676929684, "Shape_Le_1": 0.585929204137}, "geometry": {"type": "LineString", "coordinates": [[29.73384494973274, -23.887421684990006], [29.734297925893298, -23.887338533235027]]}}, {"type": "Feature", "properties": {"Id": 0, "Shapelengt": 51.813523606, "WalkTime": 0.645008385485, "PathType": "Walkway", "Accessible": 1, "Wheelchair": "Yes", "Shape_Leng": 51.813523606, "Shape_Le_1": 0.645008385485}, "geometry": {"type": "LineString", "coordinates": [[29.733896547301136, -23.887625582467894], [29.734297925893298, -23.887338533235027]]}}, {"type": "Feature", "properties": {"Id": 0, "Shapelengt": 54.5082488746, "WalkTime": 0.678554075372, "PathType": "Walkway", "Accessible": 1, "Wheelchair": "Yes", "Shape_Leng": 54.5082488746, "Shape_Le_1": 0.678554075372}, "geometry": {"type": "LineString", "coordinates": [[29.73374532032145, -23.888027027146553], [29.734259848506717, -23.88816159881098]]}}, {"type": "Feature", "properties": {"Id": 0, "Shapelengt": 50.0218004627, "WalkTime": 0.622703852393, "PathType": "Walkway", "Accessible": 1, "Wheelchair": "Yes", "Shape_Leng": 50.0218004627, "Shape_Le_1": 0.622703852393}, "geometry": {"type": "LineString", "coordinates": [[29.733770946735298, -23.88812082264894], [29.734259848506717, -23.88816159881098]]}}, {"type": "Feature", "properties": {"Id": 0, "Shapelengt": 39.9613352778, "WalkTime": 0.497464649294, "PathType": "Walkway", "Accessible": 1, "Wheelchair": "Yes", "Shape_Leng": 39.9613352778, "Shape_Le_1": 0.497464649294}, "geometry": {"type": "LineString", "coordinates": [[29.733909246103728, -23.88832317943308], [29.734259848506717, -23.88816159881098]]}}, {"type": "Feature", "properties": {"Id": 0, "Shapelengt": 43.0956597333, "WalkTime": 0.536482755301, "PathType": "Walkway", "Accessible": 1, "Wheelchair": "Yes", "Shape_Leng": 43.0956597333, "Shape_Le_1": 0.536482755301}, "geometry": {"type": "LineString", "coordinates": [[29.733940785477603, -23.88841686975429], [29.734259848506717, -23.88816159881098]]}}, {"type": "Feature", "properties": {"Id": 0, "Shapelengt": 54.1322962324, "WalkTime": 0.673873972768, "PathType": "Walkway", "Accessible": 1, "Wheelchair": "Yes", "Shape_Leng": 54.1322962324, "Shape_Le_1": 0.673873972768}, "geometry": {"type": "LineString", "coordinates": [[29.733731678140508, -23.88869065402545], [29.73425719767137, -23.88861909429747]]}}, {"type": "Feature", "properties": {"Id": 0, "Shapelengt": 53.6879214171, "WalkTime": 0.668342106524, "PathType": "Walkway", "Accessible": 1, "Wheelchair": "Yes", "Shape_Leng": 53.6879214171, "Shape_Le_1": 0.668342106524}, "geometry": {"type": "LineString", "coordinates": [[29.733761209136205, -23.888782567778275], [29.73425719767137, -23.88861909429747]]}}, {"type": "Feature", "properties": {"Id": 0, "Shapelengt": 19.0246486017, "WalkTime": 0.236831178908, "PathType": "Walkway", "Accessible": 1, "Wheelchair": "Yes", "Shape_Leng": 19.0246486017, "Shape_Le_1": 0.236831178908}, "geometry": {"type": "LineString", "coordinates": [[29.734653498584894, -23.888515000048923], [29.734811593554866, -23.888606327296582]]}}, {"type": "Feature", "properties": {"Id": 0, "Shapelengt": 20.4764261223, "WalkTime": 0.254903848156, "PathType": "Walkway", "Accessible": 1, "Wheelchair": "Yes", "Shape_Leng": 20.4764261223, "Shape_Le_1": 0.254903848156}, "geometry": {"type": "LineString", "coordinates": [[29.73510868243841, -23.888566116047542], [29.73530788455393, -23.888541770506656]]}}, {"type": "Feature", "properties": {"Id": 0, "Shapelengt": 41.7721987195, "WalkTime": 0.520007453249, "PathType": "Walkway", "Accessible": 1, "Wheelchair": "No", "Shape_Leng": 41.7721987195, "Shape_Le_1": 0.520007453249}, "geometry": {"type": "LineString", "coordinates": [[29.735364813164804, -23.888295383546538], [29.73577318763598, -23.888262387281433]]}}, {"type": "Feature", "properties": {"Id": 0, "Shapelengt": 18.2159986963, "WalkTime": 0.226764579812, "PathType": "Walkway", "Accessible": 1, "Wheelchair": "Yes", "Shape_Leng": 18.2159986963, "Shape_Le_1": 0.226764579812}, "geometry": {"type": "LineString", "coordinates": [[29.73500069551115, -23.888905296672103], [29.73515057612565, -23.88881570090392]]}}, {"type": "Feature", "properties": {"Id": 0, "Shapelengt": 33.0046635393, "WalkTime": 0.410863482376, "PathType": "Walkway", "Accessible": 1, "Wheelchair": "Yes", "Shape_Leng": 33.0046635393, "Shape_Le_1": 0.410863482376}, "geometry": {"type": "LineString", "coordinates": [[29.735492325328927, -23.888987407258202], [29.73579820330343, -23.88888943239176]]}}, {"type": "Feature", "properties": {"Id": 0, "Shapelengt": 23.3240275767, "WalkTime": 0.290352640068, "PathType": "Walkway", "Accessible": 1, "Wheelchair": "Yes", "Shape_Leng": 23.3240275767, "Shape_Le_1": 0.290352640068}, "geometry": {"type": "LineString", "coordinates": [[29.73536431652022, -23.88930278044317], [29.735567449865297, -23.88939979662963]]}}, {"type": "Feature", "properties": {"Id": 0, "Shapelengt": 19.0083349052, "WalkTime": 0.236628095421, "PathType": "Walkway", "Accessible": 1, "Wheelchair": "Yes", "Shape_Leng": 19.0083349052, "Shape_Le_1": 0.236628095421}, "geometry": {"type": "LineString", "coordinates": [[29.73481550615136, -23.889704518874787], [29.73500199901872, -23.889700348634776]]}}, {"type": "Feature", "properties": {"Id": 0, "Shapelengt": 15.3492541484, "WalkTime": 0.19107748224, "PathType": "Walkway", "Accessible": 1, "Wheelchair": "Yes", "Shape_Leng": 15.3492541484, "Shape_Le_1": 0.19107748224}, "geometry": {"type": "LineString", "coordinates": [[29.735281346686975, -23.890015236823682], [29.735138844391404, -23.890060140159303]]}}, {"type": "Feature", "properties": {"Id": 0, "Shapelengt": 41.0015630309, "WalkTime": 0.510414079807, "PathType": "Walkway", "Accessible": 1, "Wheelchair": "Yes", "Shape_Leng": 41.0015630309, "Shape_Le_1": 0.510414079807}, "geometry": {"type": "LineString", "coordinates": [[29.73474795730046, -23.890147976875625], [29.735138844391404, -23.890060140159303]]}}, {"type": "Feature", "properties": {"Id": 0, "Shapelengt": 49.0686318935, "WalkTime": 0.61083819113, "PathType": "Walkway", "Accessible": 1, "Wheelchair": "Yes", "Shape_Leng": 49.0686318935, "Shape_Le_1": 0.61083819113}, "geometry": {"type": "LineString", "coordinates": [[29.736231111226772, -23.890090775679795], [29.73671249489183, -23.890102792164516]]}}, {"type": "Feature", "properties": {"Id": 0, "Shapelengt": 62.1400625235, "WalkTime": 0.773559847175, "PathType": "Walkway", "Accessible": 1, "Wheelchair": "Yes", "Shape_Leng": 62.1400625235, "Shape_Le_1": 0.773559847175}, "geometry": {"type": "LineString", "coordinates": [[29.73378510076243, -23.88991859692375], [29.734246324483323, -23.889551746938658]]}}, {"type": "Feature", "properties": {"Id": 0, "Shapelengt": 28.9662646339, "WalkTime": 0.360590870583, "PathType": "Walkway", "Accessible": 1, "Wheelchair": "Yes", "Shape_Leng": 28.9662646339, "Shape_Le_1": 0.360590870583}, "geometry": {"type": "LineString", "coordinates": [[29.733751743130565, -23.889832188185178], [29.734015712462753, -23.889735172085384]]}}, {"type": "Feature", "properties": {"Id": 0, "Shapelengt": 67.683338657, "WalkTime": 0.842566147853, "PathType": "Walkway", "Accessible": 1, "Wheelchair": " Yes", "Shape_Leng": 67.683338657, "Shape_Le_1": 0.842566147853}, "geometry": {"type": "LineString", "coordinates": [[29.734006642812385, -23.89046040470293], [29.734000899473426, -23.890679599017645], [29.734234228618412, -23.89072363386085], [29.734413575246904, -23.89067304521811]]}}, {"type": "Feature", "properties": {"Id": 0, "Shapelengt": 43.5221479695, "WalkTime": 0.541791957793, "PathType": "Walkway", "Accessible": 1, "Wheelchair": "Yes", "Shape_Leng": 43.5221479695, "Shape_Le_1": 0.541791957793}, "geometry": {"type": "LineString", "coordinates": [[29.733863472268304, -23.89082010617388], [29.734232678150974, -23.891017584577686]]}}, {"type": "Feature", "properties": {"Id": 0, "Shapelengt": 41.8595306505, "WalkTime": 0.521094617833, "PathType": "Walkway", "Accessible": 1, "Wheelchair": "Yes", "Shape_Leng": 41.8595306505, "Shape_Le_1": 0.521094617833}, "geometry": {"type": "LineString", "coordinates": [[29.73382895561978, -23.89162884086359], [29.734170353399396, -23.89141873296266]]}}, {"type": "Feature", "properties": {"Id": 0, "Shapelengt": 32.026845564, "WalkTime": 0.398690969302, "PathType": "Walkway", "Accessible": 1, "Wheelchair": "Yes", "Shape_Leng": 32.026845564, "Shape_Le_1": 0.398690969302}, "geometry": {"type": "LineString", "coordinates": [[29.73384027914176, -23.891886017693206], [29.73415433855541, -23.891897722759303]]}}, {"type": "Feature", "properties": {"Id": 0, "Shapelengt": 32.5977958156, "WalkTime": 0.405798528764, "PathType": "Walkway", "Accessible": 1, "Wheelchair": "Yes", "Shape_Leng": 32.5977958156, "Shape_Le_1": 0.405798528764}, "geometry": {"type": "LineString", "coordinates": [[29.733836387049998, -23.891982151207312], [29.734156232430983, -23.89198854477171]]}}, {"type": "Feature", "properties": {"Id": 0, "Shapelengt": 28.2450142613, "WalkTime": 0.351612277621, "PathType": "Walkway", "Accessible": 1, "Wheelchair": "Yes", "Shape_Leng": 28.2450142613, "Shape_Le_1": 0.351612277621}, "geometry": {"type": "LineString", "coordinates": [[29.73578958686708, -23.88239328995733], [29.735685021839522, -23.882298592105425], [29.735653313270344, -23.882182268319905]]}}, {"type": "Feature", "properties": {"Id": 0, "Shapelengt": 123.836028722, "WalkTime": 1.54159129493, "PathType": "Walkway", "Accessible": 1, "Wheelchair": "Yes", "Shape_Leng": 123.836028722, "Shape_Le_1": 1.54159129493}, "geometry": {"type": "LineString", "coordinates": [[29.735653313270344, -23.882182268319905], [29.735131749739367, -23.88203264482041], [29.734905986837934, -23.8817265963432], [29.734912798107047, -23.881553479609053], [29.73494449986041, -23.881487609378176]]}}, {"type": "Feature", "properties": {"Id": 0, "Shapelengt": 33.7797201084, "WalkTime": 0.420511889809, "PathType": "Walkway", "Accessible": 1, "Wheelchair": "Yes", "Shape_Leng": 33.7797201084, "Shape_Le_1": 0.420511889809}, "geometry": {"type": "LineString", "coordinates": [[29.735131749739367, -23.88203264482041], [29.735075959837733, -23.881732172095187]]}}, {"type": "Feature", "properties": {"Id": 0, "Shapelengt": 102.778465052, "WalkTime": 1.27945306924, "PathType": "Walkway", "Accessible": 1, "Wheelchair": "Yes", "Shape_Leng": 102.778465052, "Shape_Le_1": 1.27945306924}, "geometry": {"type": "LineString", "coordinates": [[29.738635508585627, -23.880837095621537], [29.738575604247536, -23.88176290602655]]}}, {"type": "Feature", "properties": {"Id": 0, "Shapelengt": 120.344113388, "WalkTime": 1.49812166547, "PathType": "Walkway", "Accessible": 1, "Wheelchair": "Yes", "Shape_Leng": 120.344113388, "Shape_Le_1": 1.49812166547}, "geometry": {"type": "LineString", "coordinates": [[29.741457992082655, -23.884207266861704], [29.741356362277145, -23.884464230254064], [29.741481921762944, -23.884480789109684], [29.741460294908546, -23.884599701119292], [29.741372593219243, -23.884964675347526], [29.74149872286144, -23.88512951178106]]}}, {"type": "Feature", "properties": {"Id": 0, "Shapelengt": 20.7670848384, "WalkTime": 0.258522156584, "PathType": "Walkway", "Accessible": 1, "Wheelchair": "Yes", "Shape_Leng": 20.7670848384, "Shape_Le_1": 0.258522156584}, "geometry": {"type": "LineString", "coordinates": [[29.74126068813171, -23.884561885161624], [29.741460294908546, -23.884599701119292]]}}, {"type": "Feature", "properties": {"Id": 0, "Shapelengt": 39.8159561846, "WalkTime": 0.495654875944, "PathType": "Walkway", "Accessible": 1, "Wheelchair": "Yes", "Shape_Leng": 39.8159561846, "Shape_Le_1": 0.495654875944}, "geometry": {"type": "LineString", "coordinates": [[29.74224059540919, -23.884397304726278], [29.741855601351777, -23.88445867521202]]}}, {"type": "Feature", "properties": {"Id": 0, "Shapelengt": 117.878404516, "WalkTime": 1.4674269204, "PathType": "Walkway", "Accessible": 1, "Wheelchair": "Yes", "Shape_Leng": 117.878404516, "Shape_Le_1": 1.4674269204}, "geometry": {"type": "LineString", "coordinates": [[29.74234610015421, -23.883078522509713], [29.742315808591293, -23.88325664787546], [29.741896782285963, -23.883316202677342], [29.741576284104667, -23.883312184678733], [29.74154802005674, -23.88311509121236]]}}, {"type": "Feature", "properties": {"Id": 0, "Shapelengt": 12.7219132072, "WalkTime": 0.158370636215, "PathType": "Walkway", "Accessible": 1, "Wheelchair": "Yes", "Shape_Leng": 12.7219132072, "Shape_Le_1": 0.158370636215}, "geometry": {"type": "LineString", "coordinates": [[29.741452926756192, -23.883329861533582], [29.741576284104667, -23.883312184678733]]}}, {"type": "Feature", "properties": {"Id": 0, "Shapelengt": 196.641735775, "WalkTime": 2.44792401064, "PathType": "Walkway", "Accessible": 1, "Wheelchair": "Yes", "Shape_Leng": 196.641735775, "Shape_Le_1": 2.44792401064}, "geometry": {"type": "LineString", "coordinates": [[29.74096031145133, -23.880366045435327], [29.74085641678677, -23.880440379402234], [29.740774913368135, -23.88067696978503], [29.740692680187223, -23.88087899308811], [29.740555372447215, -23.88114423991736], [29.740443941586367, -23.88138827877716], [29.740404631637844, -23.881485800533895], [29.740358677190336, -23.881624935131168], [29.74029805071165, -23.881781621187248], [29.740277608387697, -23.8818822643719], [29.740222862069647, -23.881983386122727]]}}, {"type": "Feature", "properties": {"Id": 0, "Shapelengt": 16.7269318317, "WalkTime": 0.208227708598, "PathType": "Walkway", "Accessible": 1, "Wheelchair": "Yes", "Shape_Leng": 16.7269318317, "Shape_Le_1": 0.208227708598}, "geometry": {"type": "LineString", "coordinates": [[29.73691321351082, -23.88853682301543], [29.73706439151772, -23.888595645756396]]}}, {"type": "Feature", "properties": {"Id": 0, "Shapelengt": 35.6605657733, "WalkTime": 0.44392587792, "PathType": "Walkway", "Accessible": 1, "Wheelchair": "No", "Shape_Leng": 35.6605657733, "Shape_Le_1": 0.44392587792}, "geometry": {"type": "LineString", "coordinates": [[29.736836111108076, -23.8888801173682], [29.736852705916856, -23.88871382953163], [29.736976179834667, -23.888683968634332], [29.737013931567898, -23.888697923256622]]}}, {"type": "Feature", "properties": {"Id": 0, "Shapelengt": 47.8496232395, "WalkTime": 0.595663179877, "PathType": "Walkway", "Accessible": 1, "Wheelchair": "Yes", "Shape_Leng": 47.8496232395, "Shape_Le_1": 0.595663179877}, "geometry": {"type": "LineString", "coordinates": [[29.73646616162006, -23.88973858724678], [29.736935689333492, -23.889731209963802]]}}, {"type": "Feature", "properties": {"Id": 0, "Shapelengt": 24.5041691554, "WalkTime": 0.305043808731, "PathType": "Walkway", "Accessible": 1, "Wheelchair": "Yes", "Shape_Leng": 24.5041691554, "Shape_Le_1": 0.305043808731}, "geometry": {"type": "LineString", "coordinates": [[29.734633600376153, -23.8895027943337], [29.734839827120982, -23.889389049929736]]}}, {"type": "Feature", "properties": {"Id": 0, "Shapelengt": 61.4007307792, "WalkTime": 0.764356165557, "PathType": "Walkway", "Accessible": 1, "Wheelchair": "Yes", "Shape_Leng": 61.4007307792, "Shape_Le_1": 0.764356165557}, "geometry": {"type": "LineString", "coordinates": [[29.734252825685083, -23.889212171978585], [29.733962854990462, -23.889449082421404], [29.73375454613889, -23.889496821603235]]}}, {"type": "Feature", "properties": {"Id": 0, "Shapelengt": 28.508251009, "WalkTime": 0.354889219581, "PathType": "Walkway", "Accessible": 1, "Wheelchair": "Yes", "Shape_Leng": 28.508251009, "Shape_Le_1": 0.354889219581}, "geometry": {"type": "LineString", "coordinates": [[29.733778051238104, -23.8895834046316], [29.733953948495795, -23.889537961095506], [29.733962854990462, -23.889449082421404]]}}, {"type": "Feature", "properties": {"Id": 0, "Shapelengt": 62.7749396684, "WalkTime": 0.781463210114, "PathType": "Walkway", "Accessible": 1, "Wheelchair": "Yes", "Shape_Leng": 62.7749396684, "Shape_Le_1": 0.781463210114}, "geometry": {"type": "LineString", "coordinates": [[29.73425932596712, -23.88887259702552], [29.733964393702845, -23.889031408969885], [29.73396135071287, -23.88907653534042], [29.733811009845574, -23.889121060528613], [29.733747039582763, -23.889139886947447]]}}, {"type": "Feature", "properties": {"Id": 0, "Shapelengt": 17.194780198, "WalkTime": 0.214051788845, "PathType": "Walkway", "Accessible": 1, "Wheelchair": "Yes", "Shape_Leng": 17.194780198, "Shape_Le_1": 0.214051788845}, "geometry": {"type": "LineString", "coordinates": [[29.733770544605854, -23.889226470889074], [29.733836196417457, -23.88921096120058], [29.733811009845574, -23.889121060528613]]}}, {"type": "Feature", "properties": {"Id": 0, "Shapelengt": 3.46912857364, "WalkTime": 0.0431859650646, "PathType": "Walkway", "Accessible": 1, "Wheelchair": "Yes", "Shape_Leng": 3.46912857364, "Shape_Le_1": 0.0431859650646}, "geometry": {"type": "LineString", "coordinates": [[29.738698753886233, -23.888104818748022], [29.73871972584175, -23.888080158641966]]}}, {"type": "Feature", "properties": {"Id": 0, "Shapelengt": 83.6349760925, "WalkTime": 1.04114248839, "PathType": "Walkway", "Accessible": 1, "Wheelchair": "No", "Shape_Leng": 83.6349760925, "Shape_Le_1": 1.04114248839}, "geometry": {"type": "LineString", "coordinates": [[29.740497716129063, -23.888286198886373], [29.740484047019265, -23.88819658081545], [29.740495707453583, -23.88803228433242], [29.74048337626536, -23.88786118338105], [29.74047657333841, -23.88775368719278], [29.74046708796078, -23.887660492675746], [29.740604973790884, -23.88765836630076]]}}, {"type": "Feature", "properties": {"Id": 0, "Shapelengt": 57.5433084811, "WalkTime": 0.716336468083, "PathType": "Walkway", "Accessible": 1, "Wheelchair": "Yes", "Shape_Leng": 57.5433084811, "Shape_Le_1": 0.716336468083}, "geometry": {"type": "LineString", "coordinates": [[29.73787135443567, -23.89365839905591], [29.737966185194622, -23.893528218572644], [29.738016336117216, -23.89343043638556], [29.738278101144335, -23.89334782223848]]}}, {"type": "Feature", "properties": {"Id": 0, "Shapelengt": 426.361896082, "WalkTime": 5.3076297284, "PathType": "Walkway", "Accessible": 1, "Wheelchair": "Yes", "Shape_Leng": 426.361896082, "Shape_Le_1": 5.3076297284}, "geometry": {"type": "LineString", "coordinates": [[29.73427853504885, -23.88696312905519], [29.734326986994432, -23.886962474141157], [29.734344742674335, -23.88694932148026], [29.73436248807892, -23.886935633790305], [29.73439310407735, -23.886925461885028], [29.73442449226345, -23.88691583582065], [29.73443975381257, -23.886911551698766], [29.734599477646782, -23.887057648459503], [29.734897137938347, -23.887196167022122], [29.73491252742092, -23.887234450062294], [29.735259719950093, -23.88762781146631], [29.735355960481147, -23.887824469933147], [29.73549895384565, -23.888068999715124], [29.73577318763598, -23.888262387281433], [29.73597634639647, -23.888554318986532], [29.736142710674486, -23.88862049352794], [29.736454459363035, -23.888672075714382], [29.736604522752017, -23.888632678527788], [29.73675583118951, -23.888336173616896], [29.736902744957447, -23.888041788380487], [29.73690221008695, -23.887963699785], [29.73699638958573, -23.887859304725673]]}}, {"type": "Feature", "properties": {"Id": 0, "Shapelengt": 25.373916201, "WalkTime": 0.3158709847, "PathType": " Walkway", "Accessible": 1, "Wheelchair": "Yes", "Shape_Leng": 25.373916201, "Shape_Le_1": 0.3158709847}, "geometry": {"type": "LineString", "coordinates": [[29.73971590379089, -23.886795707044083], [29.73992074085413, -23.8867785316707], [29.739929095251906, -23.886817622687534]]}}, {"type": "Feature", "properties": {"Id": 0, "Shapelengt": 4.37124061303, "WalkTime": 0.0544160414918, "PathType": "Walkway", "Accessible": 1, "Wheelchair": "Yes", "Shape_Leng": 4.37124061303, "Shape_Le_1": 0.0544160414918}, "geometry": {"type": "LineString", "coordinates": [[29.739749407844297, -23.886790279662815], [29.73976362479477, -23.88682749544328]]}}, {"type": "Feature", "properties": {"Id": 0, "Shapelengt": 0.679214233334, "WalkTime": 0.00845529980498, "PathType": "Walkway", "Accessible": 1, "Wheelchair": "Yes", "Shape_Leng": 0.679214233334, "Shape_Le_1": 0.00845529980498}, "geometry": {"type": "LineString", "coordinates": [[29.739044290807765, -23.88628038971859], [29.739045138265375, -23.886286469038424]]}}]}